"correct","playedInterval","answeredInterval","firstNote","expectedNote","inputNote","time"
"0","1","2","3","9","17","7.798171997070313"
"0","2","1","4","15","18","4.357032775878906"
"0","2","2","4","16","19","12.06216049194336"
"1","2","2","5","9","9","1.75614595413208"
"0","1","1","6","4","19","4.740743637084961"
"0","1","2","7","20","21","1.954710006713867"
"0","1","2","8","22","23","7.346216201782227"
"0","1","2","9","14","26","7.140041351318359"
"0","2","1","10","18","7","28.4599494934082"
"0","2","-1","10","18","0","30"
"0","1","1","11","24","13","5.931167602539063"
"1","1","1","12","25","25","5.18536376953125"
"0","1","2","9","14","26","2.352462768554688"
"0","1","1","13","27","11","8.79681396484375"
"0","2","3","14","28","26","13.15878295898438"
"0","1","2","5","14","9","9.757217407226564"
"1","1","1","15","29","29","1.209381103515625"
"0","2","1","15","30","29","5.582870483398438"
"0","1","-1","3","9","3","10.11470031738281"
"0","1","2","10","7","20","29.26016235351562"
"0","1","-1","10","7","0","30"
"0","1","2","13","11","36","5.543487548828125"
"0","1","2","19","12","25","11.03718566894531"
"0","1","2","9","3","26","1.6732177734375"
"0","1","1","31","32","33","6.295333862304688"
"0","8","10","17","33","32","20.88132476806641"
"1","7","7","6","11","11","6.522518157958984"
"0","10","11","31","34","18","24.57632064819336"
"0","7","6","35","34","18","3.081634521484375"
"1","9","9","9","37","37","8.879341125488281"
"0","10","9","36","38","30","8.283432006835938"
"1","3","3","39","19","19","5.119705200195312"
"1","5","5","36","19","19","8.150871276855469"
"1","1","1","4","29","29","8.978733062744141"
"0","5","11","23","28","29","0.3481903076171875"
"1","3","3","32","40","40","2.253585815429688"
"1","2","2","11","41","41","8.011276245117188"
"1","1","1","28","40","40","3.186668395996094"
"1","5","5","17","5","5","4.4619140625"
"1","1","1","12","19","19","2.982002258300782"
"0","7","5","5","37","32","3.713752746582031"
"1","6","6","12","29","29","11.02285003662109"
"1","3","3","40","32","32","4.522804260253906"
"1","1","1","12","19","19","3.061592102050782"
"0","5","7","33","9","26","11.890625"
"1","2","2","4","16","16","6.18115234375"
"0","1","2","21","22","8","3.330184936523438"
"0","2","-1","25","30","25","7.60540771484375"
"0","5","6","18","30","35","13.51377868652344"
"1","2","2","29","38","38","6.146209716796875"
"0","4","3","3","28","5","5.533157348632812"
"1","6","6","32","14","14","3.262847900390625"
"0","4","3","25","15","38","2.5015869140625"
"1","1","1","19","6","6","15.06039428710938"
"1","7","7","29","19","19","15.53297424316406"
"1","6","6","14","32","32","8.101593017578125"
"1","1","1","40","28","28","4.058135986328125"
"1","5","5","13","4","4","2.209197998046875"
"1","2","2","25","19","19","4.787750244140625"
"1","3","3","12","4","4","2.982666015625"
"1","3","3","9","28","28","6.809600830078125"
"1","3","3","18","7","7","3.535980224609375"
"1","1","1","26","17","17","2.186798095703125"
"0","4","3","14","17","26","2.6009521484375"
"0","8","7","35","10","34","14.7905445098877"
"1","1","1","15","29","29","4.534749984741211"
"0","9","4","5","22","26","3.495193481445313"
"1","6","6","25","4","4","11.59223556518555"
"1","8","8","37","18","18","7.437973022460938"
"1","7","7","8","18","18","2.584442138671875"
"1","2","2","33","32","32","6.205802917480469"
"1","6","6","17","28","28","11.62091064453125"
"1","3","3","30","12","12","3.869094848632813"
"1","7","7","35","34","34","7.0245361328125"
"1","3","3","5","33","33","4.274238586425781"
"1","2","2","15","4","4","1.954872131347656"
"1","6","6","13","6","6","2.203369140625"
"1","5","5","24","16","16","7.702407836914062"
"0","9","3","23","18","22","20.587158203125"
"1","7","7","37","34","34","5.069549560546875"
"0","9","3","26","32","14","16.03497314453125"
"1","1","1","5","28","28","13.91563415527344"
"1","8","8","27","25","25","8.5191650390625"
"1","7","7","8","18","18","17.61012268066406"
"1","2","2","14","3","3","2.253799438476563"
"1","2","2","41","11","11","2.51812744140625"
"1","7","7","4","24","24","4.01611328125"
"1","5","5","10","15","15","11.13309860229492"
"0","9","6","16","38","25","27.58778762817383"
"0","9","7","16","38","0","30"
"1","3","3","7","18","18","10.75914764404297"
"0","7","8","30","10","7","8.55621337890625"
"1","3","3","4","38","38","6.502120971679688"
"1","9","9","37","9","9","17.94163513183594"
"1","3","3","12","4","4","5.848175048828125"
"1","3","3","31","37","37","4.340469360351563"
"1","4","4","27","41","41","19.61048889160156"
"1","9","9","36","30","30","14.20832824707031"
"1","3","3","30","12","12","4.746200561523438"
"1","11","11","38","27","27","13.80851745605469"
"1","11","11","38","27","27","8.6068115234375"
"0","6","6","21","31","4","25.9053955078125"
"0","2","1","17","3","26","12.36604309082031"
"1","5","5","8","10","10","21.20578002929688"
"1","3","3","4","10","10","5.782806396484375"
"1","2","2","19","25","25","4.20794677734375"
"0","1","-1","39","4","39","3.231231689453125"
"1","3","3","4","38","38","5.397003173828125"
"1","3","3","8","20","20","6.24603271484375"
"1","2","2","41","11","11","3.95916748046875"
"0","6","7","22","18","4","14.6046142578125"
"1","3","3","14","40","40","4.02569580078125"
"1","2","2","13","36","36","3.54833984375"
"1","6","6","35","39","39","6.69354248046875"
"0","8","-1","31","26","0","30"
"0","7","4","17","40","14","23.74118041992188"
"1","2","2","15","4","4","4.688079833984375"
"1","8","8","16","30","30","25.66326904296875"
"1","8","8","15","21","21","27.99078369140625"
"0","8","-1","15","21","0","30"
"1","3","3","39","27","27","4.54266357421875"
"1","1","1","38","15","15","2.33648681640625"
"1","11","11","37","15","15","25.07611083984375"
"0","6","4","20","29","18","15.66375541687012"
"1","8","8","19","11","11","14.42879486083984"
"0","11","6","38","8","10","2.518123626708984"
"0","7","5","4","24","13","6.389095306396484"
"0","7","5","14","23","31","22.74266815185547"
"1","11","11","6","34","34","8.864334106445312"
"1","5","5","13","4","4","3.049263000488282"
"0","8","9","24","6","19","17.72754669189453"
"1","7","7","7","32","32","7.521141052246094"
"1","5","5","4","13","13","3.573532104492188"
"0","6","5","5","23","32","17.2274169921875"
"0","10","7","29","39","19","24.597412109375"
"1","1","1","39","16","16","3.346435546875"
"1","6","6","14","32","32","22.62054443359375"
"1","10","10","10","33","33","8.614593505859375"
"0","3","2","23","22","8","15.15168762207031"
"0","2","4","8","21","7","6.72747802734375"
"1","11","11","32","4","4","15.0728759765625"
"1","11","11","34","33","33","14.68621826171875"
"1","4","4","13","39","39","3.81048583984375"
"1","7","7","3","31","31","12.74246215820312"
"0","7","6","39","30","35","14.19485473632812"
"0","5","6","18","30","35","8.7489013671875"
"0","4","3","23","40","33","4.964019775390625"
"0","5","6","30","6","4","5.317840576171875"
"0","5","5","23","28","20","10.49234008789062"
"1","2","2","28","33","33","17.10955810546875"
"0","10","-1","24","12","38","6.46099853515625"
"1","9","9","34","32","32","13.9959716796875"
"0","6","4","4","25","30","14.66799926757812"
"0","8","7","35","10","34","28.1795654296875"
"0","8","-1","35","10","0","30"
"0","5","6","26","28","40","6.145782470703125"
"1","8","8","20","38","38","8.117645263671875"
"0","3","2","17","9","3","11.4007568359375"
"0","7","5","21","29","18","5.384033203125"
"0","4","3","32","28","40","16.61029052734375"
"0","10","-1","15","16","27","20.04555320739746"
"0","11","3","16","29","6","29.85853576660156"
"0","11","7","16","29","0","30"
"0","1","10","29","4","37","3.0657958984375"
"0","10","2","5","21","40","3.649169921875"
"1","1","1","36","27","27","4.734237670898438"
"0","7","6","8","28","40","15.51628112792969"
"1","5","5","19","36","36","22.66517639160156"
"0","8","6","8","4","34","6.1490478515625"
"1","3","3","10","21","21","6.4490966796875"
"1","4","4","32","28","28","3.01458740234375"
"1","2","2","14","3","3","4.9671630859375"
"1","2","2","41","11","11","2.218292236328125"
"0","10","7","20","35","15","13.68316650390625"
"0","9","11","17","31","23","12.06619262695312"
"0","6","6","37","10","28","13.90020751953125"
"0","5","7","14","31","23","24.90139770507813"
"1","4","4","40","23","23","13.13388061523438"
"1","11","11","27","38","38","4.13336181640625"
"1","3","3","6","25","25","8.49920654296875"
"0","1","2","38","30","35","15.78347778320312"
"0","5","7","38","34","7","3.565826416015625"
"1","11","11","36","15","15","4.900299072265625"
"0","8","9","18","12","19","15.34963989257812"
"1","2","2","7","34","34","6.800262451171875"
"1","1","1","37","23","23","4.434478759765625"
"1","2","2","29","38","38","4.55072021484375"
"1","8","8","15","4","4","21.54983520507813"
"1","1","1","12","19","19","5.58258056640625"
"0","11","10","40","10","7","9.69989013671875"
"0","5","7","4","35","38","13.23272705078125"
"0","10","11","31","34","18","17.18243408203125"
"1","5","5","5","32","32","12.14947509765625"
"0","10","8","9","8","23","15.1158447265625"
"1","7","7","19","29","29","19.099365234375"
"0","4","3","14","33","40","8.431396484375"
"1","10","10","4","4","4","9.70147705078125"
"0","8","10","28","22","20","11.6497802734375"
"1","1","1","4","18","18","6.6839599609375"
"1","2","2","28","33","33","6.33465576171875"
"1","11","11","21","14","14","4.03387451171875"
"0","5","7","22","31","40","11.33416748046875"
"1","2","2","18","29","29","5.3330078125"
"0","5","6","40","37","8","8.39971923828125"
"1","5","5","27","6","6","13.69842529296875"
"1","1","1","8","22","22","7.86627197265625"
"0","10","8","35","13","36","19.7501220703125"
"0","10","-1","17","32","29","25.7337646484375"
"0","8","2","24","6","0","30"
"0","9","8","32","26","3","9.00103759765625"
"0","5","4","28","26","3","11.7498779296875"
"1","4","4","21","23","23","7.3824462890625"
"0","10","11","31","34","18","10.95001220703125"
"0","8","-1","7","30","7","7.10064697265625"
"0","3","6","40","32","26","8.28448486328125"
"0","9","-1","8","29","0","30"
"0","5","-1","11","39","21","1.55194091796875"
"0","9","10","19","18","34","16.88287353515625"
"1","6","6","27","19","19","5.4320068359375"
"1","2","2","8","23","23","5.20001220703125"
"1","6","6","27","19","19","5.89990234375"
"1","9","9","15","22","22","8.01580810546875"
"1","5","5","22","31","31","8.18304443359375"
"0","8","9","36","35","30","16.4156494140625"
"0","10","8","11","25","19","18.81591796875"
"0","9","-1","37","9","25","21.382080078125"
"0","10","9","7","25","35","25.6820068359375"
"1","3","3","21","10","10","9.2174072265625"
"0","6","8","24","39","6","17.7320556640625"
"0","5","-1","28","23","28","5.9324951171875"
"1","2","2","4","19","19","3.316650390625"
"0","2","5","22","20","34","6.067138671875"
"0","9","-1","33","7","4","2.7327880859375"
"0","5","-1","26","28","26","6.915771484375"
"1","5","5","20","23","23","5.56640625"
"0","8","10","23","34","4","19.215576171875"
"0","8","9","31","7","17","22.2655029296875"
"0","5","7","23","28","14","22.717041015625"
"0","3","-1","26","14","19","23.75"
"1","2","2","13","36","36","3.26611328125"
"0","11","-1","8","38","8","1.7684326171875"
"1","11","11","18","31","31","2.766357421875"
"1","7","7","15","6","6","10.7333984375"
"1","9","9","38","21","21","6.148681640625"
"1","9","9","37","9","9","1.734619140625"
"1","7","7","10","23","23","7.9337158203125"
"0","3","2","31","37","23","2.399658203125"
"0","4","7","18","20","8","5.1646728515625"
"0","10","6","7","25","23","10.6331787109375"
"1","8","8","25","27","27","6.7174072265625"
"1","5","5","20","23","23","8.6165771484375"
"0","1","2","14","9","3","4.31640625"
"0","1","2","7","10","34","3.4326171875"
"1","5","5","32","21","21","22.4339599609375"
"0","10","11","40","7","10","16.1668701171875"
"1","4","4","37","33","33","3.099727630615234"
"1","1","1","25","12","12","1.715129852294922"
"1","7","7","15","20","20","2.533641815185547"
"0","2","2","15","30","4","2.633247375488282"
"1","8","8","14","37","37","1.865745544433594"
"1","2","2","21","8","8","1.76580810546875"
"1","4","4","27","4","4","1.717048645019531"
"1","2","2","9","5","5","13.03209686279297"
"0","10","4","4","4","30","20.1145248413086"
"1","6","6","19","15","15","4.518043518066406"
"1","5","5","6","30","30","1.96856689453125"
"0","10","7","28","20","8","21.099853515625"
"0","11","7","41","12","39","16.19938659667969"
"1","5","5","9","33","33","16.25003051757812"
"0","10","8","12","24","13","10.51567077636719"
"1","5","5","5","17","17","25.19970703125"
"1","1","1","7","10","10","1.266281127929688"
"0","10","5","19","34","38","3.434249877929688"
"0","3","2","6","16","39","5.26593017578125"
"1","5","5","27","6","6","2.467071533203125"
"1","8","8","3","32","32","4.300750732421875"
"0","6","8","33","3","17","5.048828125"
"1","3","3","32","40","40","6.849700927734375"
"1","9","9","34","32","32","26.78292846679688"
"0","7","-1","25","36","0","30"
"1","9","9","30","20","20","10.14968872070312"
"1","1","1","12","25","25","1.18243408203125"
"1","3","3","13","41","41","2.1661376953125"
"1","11","11","4","32","32","3.282379150390625"
"0","10","6","12","24","36","28.5831298828125"
"0","10","-1","12","24","0","30"
"0","4","3","20","37","8","1.716796875"
"0","5","4","24","16","36","2.383453369140625"
"1","11","11","8","38","38","12.2342529296875"
"1","6","6","40","26","26","3.95135498046875"
"0","9","8","41","6","4","6.799591064453125"
"1","8","8","37","14","14","2.2174072265625"
"0","3","4","25","6","4","2.033294677734375"
"0","5","7","25","29","18","3.4000244140625"
"1","4","4","12","39","39","3.96783447265625"
"1","11","11","33","34","34","6.66595458984375"
"1","2","2","4","19","19","1.833038330078125"
"0","7","8","34","37","23","4.783233642578125"
"0","11","9","5","20","22","5.58349609375"
"1","7","7","5","37","37","15.34893798828125"
"0","7","4","16","35","19","4.59844970703125"
"0","3","-1","22","7","0","30"
"1","5","5","22","34","34","7.928436279296875"
"1","7","7","29","21","21","10.676513671875"
"0","11","10","27","38","30","18.66780090332031"
"0","5","4","19","36","16","12.50885009765625"
"0","9","7","21","28","33","17.00297546386719"
"0","6","4","5","23","31","14.65443420410156"
"0","6","7","25","16","36","13.78994750976562"
"1","8","8","4","15","15","6.92889404296875"
"1","9","9","32","34","34","26.59725952148438"
"0","10","11","22","14","9","14.27499389648438"
"1","2","2","4","19","19","3.082305908203125"
"0","5","4","20","23","37","3.664581298828125"
"1","8","8","12","13","13","3.265106201171875"
"0","7","8","26","33","31","12.17666625976562"
"1","1","1","29","4","4","2.199859619140625"
"0","9","7","38","16","4","27.94223022460938"
"0","9","-1","38","16","0","30"
"1","10","10","41","19","19","16.36709594726562"
"0","7","6","9","32","31","6.551986694335938"
"0","6","7","5","23","37","12.49018859863281"
"0","8","7","5","8","37","8.043975830078125"
"1","3","3","17","9","9","7.2584228515625"
"1","4","4","13","39","39","1.664459228515625"
"1","5","5","30","6","6","19.78208923339844"
"0","6","5","12","36","16","4.6116943359375"
"1","2","2","39","6","6","2.147994995117188"
"1","3","3","39","19","19","2.480453491210938"
"0","10","8","21","5","40","7.309310913085938"
"0","2","1","35","12","30","2.8299560546875"
"0","11","6","5","20","23","7.594345092773438"
"1","11","11","15","36","36","10.85734558105469"
"0","3","2","25","38","30","9.757354736328123"
"0","6","5","31","9","14","6.277435302734375"
"1","7","7","27","12","12","3.76300048828125"
"1","6","6","32","14","14","4.7196044921875"
"0","3","2","8","32","23","2.869171142578125"
"1","3","3","25","38","38","2.91351318359375"
"0","5","4","7","29","4","16.270751953125"
"0","10","11","7","25","12","14.91561889648438"
"1","9","9","19","18","18","7.919647216796875"
"0","6","3","35","39","19","15.75247192382812"
"1","4","4","7","8","8","2.863677978515625"
"1","7","7","28","8","8","8.075531005859375"
"0","3","2","40","32","31","4.446044921875"
"0","9","10","27","35","30","8.194427490234375"
"1","4","4","29","10","10","2.23193359375"
"1","9","9","13","25","25","15.45404052734375"
"0","4","3","34","15","29","3.961944580078125"
"0","6","5","31","9","14","7.825927734375"
"0","9","8","24","19","6","11.64077758789062"
"1","5","5","28","23","23","5.351104736328125"
"1","4","4","31","8","8","3.783416748046875"
"1","9","9","20","30","30","9.80755615234375"
"1","5","5","37","40","40","1.76593017578125"
"1","7","7","26","33","33","11.70697021484375"
"1","3","3","7","22","22","2.5645751953125"
"0","6","7","26","40","33","12.44061279296875"
"0","8","4","23","34","21","10.7178955078125"
"0","11","-1","41","12","35","11.109130859375"
"0","8","7","16","30","35","14.5382080078125"
"1","2","2","3","14","14","6.07867431640625"
"0","9","8","39","15","38","10.40283203125"
"1","4","4","18","38","38","6.54730224609375"
"1","1","1","4","39","39","1.68182373046875"
"1","5","5","4","20","20","16.98486328125"
"1","3","3","32","8","8","4.89495849609375"
"0","6","5","9","31","33","19.86114501953125"
"1","6","6","34","8","8","6.87860107421875"
"1","5","5","38","34","34","2.64605712890625"
"0","5","4","30","18","4","5.42962646484375"
"1","8","8","29","6","6","7.3612060546875"
"1","8","8","32","10","10","4.31402587890625"
"1","7","7","7","32","32","3.7125244140625"
"1","4","4","26","5","5","7.930419921875"
"0","8","7","18","12","25","29.0181884765625"
"0","8","-1","18","12","0","30"
"0","9","8","39","15","0","30"
"0","9","7","5","22","37","14.94696044921875"
"1","2","2","24","13","13","28.39306640625"
"0","2","2","24","13","0","30"
"1","1","1","34","18","18","2.45281982421875"
"1","9","9","41","6","6","21.839599609375"
"1","4","4","33","37","37","3.69598388671875"
"1","5","5","33","9","9","12.17523193359375"
"1","11","11","5","20","20","16.082763671875"
"1","11","11","38","8","8","2.4986572265625"
"1","7","7","37","34","34","12.96051025390625"
"0","2","4","37","32","33","7.1279296875"
"1","6","6","31","9","9","3.3814697265625"
"1","9","9","12","34","34","24.727783203125"
"0","11","10","16","29","15","8.16485595703125"
"0","9","6","24","19","39","4.01422119140625"
"0","8","7","22","28","40","20.9981689453125"
"0","10","11","37","3","26","5.38037109375"
"1","4","4","16","11","11","6.496337890625"
"1","6","6","39","35","35","11.9639892578125"
"1","4","4","17","14","14","7.045166015625"
"1","8","8","26","31","31","10.37548828125"
"1","2","2","35","38","38","4.0538330078125"
"0","2","4","14","28","33","9.9072265625"
"0","11","-1","41","12","35","7.3109130859375"
"1","4","4","32","28","28","2.96435546875"
"1","11","11","24","25","25","6.3121337890625"
"1","11","11","19","10","10","11.5166015625"
"1","4","4","14","17","17","1.2330322265625"
"1","3","3","37","31","31","2.900634765625"
"1","7","7","39","41","41","4.0819091796875"
"1","8","8","22","29","29","4.5306396484375"
"1","2","2","20","10","10","2.1484375"
"1","9","9","25","13","13","10.7735595703125"
"1","1","1","30","35","35","2.0501708984375"
"1","2","2","38","29","29","2.092041015625"
"1","4","4","22","10","10","4.1043701171875"
"1","4","4","10","22","22","1.8251953125"
"1","5","5","32","21","21","5.7113037109375"
"1","11","11","18","4","4","5.1956787109375"
"0","11","10","3","8","37","5.1961669921875"
"1","1","1","22","8","8","1.6475830078125"
"1","4","4","18","20","20","2.8740234375"
"0","9","8","40","20","21","17.9468994140625"
"0","10","4","18","6","38","13.0386962890625"
"1","5","5","6","30","30","2.5806884765625"
"1","10","10","14","22","22","4.520751953125"
"1","6","6","6","13","13","27.2445068359375"
"0","5","-1","29","7","0","30"
"0","1","2","41","24","11","10.458984375"
"0","6","8","17","28","33","2.443603515625"
"1","5","5","39","25","25","3.6197509765625"
"1","10","10","29","37","37","15.8919677734375"
"1","8","8","19","4","4","7.1602783203125"
"0","8","7","4","41","24","10.209228515625"
"0","11","6","35","11","39","13.9044189453125"
"1","11","11","8","3","3","2.488037109375"
"0","9","11","15","22","36","5.7945556640625"
"1","3","3","7","22","22","5.129150390625"
"0","8","11","24","6","25","17.818115234375"
"0","6","2","36","12","39","2.6005859375"
"1","8","8","16","30","30","14.2890625"
"1","2","2","12","6","6","2.8563232421875"
"1","11","11","26","37","37","3.75146484375"
"1","6","6","33","3","3","8.2215576171875"
"1","5","5","36","19","19","3.0618896484375"
"1","9","9","15","22","22","5.9288330078125"
"1","5","5","4","35","35","2.2471923828125"
"1","11","11","40","10","10","6.0579833984375"
"0","6","10","35","39","13","18.255615234375"
"1","7","7","13","19","19","2.5474853515625"
"0","6","11","21","4","35","18.7996826171875"
"1","8","8","8","5","5","4.5789794921875"
"1","2","2","28","33","33","2.447265625"
"1","6","6","19","15","15","6.8106689453125"
"1","6","6","17","28","28","15.5216064453125"
"0","1","8","37","8","14","3.34908676147461"
"0","4","-1","19","16","8","6.549827575683594"
"0","4","3","17","14","9","6.967185974121094"
"0","10","11","41","19","12","15.28330230712891"
"1","6","6","14","32","32","4.716064453125"
"1","7","7","6","15","15","6.632781982421875"
"0","1","2","39","16","36","5.149887084960938"
"0","11","-1","24","25","21","8.8660888671875"
"1","2","2","11","27","27","3.116104125976563"
"1","7","7","16","35","35","4.665374755859375"
"1","11","11","7","12","12","7.98333740234375"
"1","10","10","31","34","34","22.93254089355469"
"1","5","5","4","20","20","7.082763671875"
"1","4","4","7","8","8","5.800552368164063"
"1","2","2","20","10","10","3.117431640625"
"0","8","11","5","8","20","9.282928466796877"
"1","10","10","6","18","18","13.48249816894531"
"1","8","8","30","16","16","22.84945678710938"
"0","7","6","34","37","30","9.333343505859377"
"1","9","9","14","8","8","11.19967651367188"
"0","8","9","20","38","30","3.449920654296875"
"1","11","11","39","4","4","2.516754150390625"
"1","1","1","4","18","18","0.96697998046875"
"1","5","5","39","25","25","9.599945068359377"
"1","1","1","39","16","16","3.0159912109375"
"1","1","1","35","25","25","7.0157470703125"
"1","2","2","27","16","16","2.49969482421875"
"0","5","7","20","23","31","8.282806396484375"
"1","11","11","9","22","22","13.31597900390625"
"1","7","7","8","18","18","9.915679931640623"
"0","11","8","40","10","21","22.76629638671875"
"1","4","4","4","25","25","5.4832763671875"
"0","7","8","38","7","20","5.066802978515625"
"1","2","2","40","5","5","3.232818603515625"
"1","1","1","34","18","18","2.432373046875"
"1","4","4","21","23","23","2.44970703125"
"1","9","9","16","38","38","8.032745361328125"
"0","5","8","28","23","22","13.38265991210938"
"1","11","11","25","24","24","7.88336181640625"
"1","6","6","13","6","6","2.383514404296875"
"1","11","11","33","34","34","5.28277587890625"
"0","4","2","11","16","27","3.2491455078125"
"0","4","1","26","5","3","7.6160888671875"
"0","3","-1","25","6","33","0.20013427734375"
"0","9","1","22","5","21","10.4656982421875"
"0","9","-1","14","8","10","9.76556396484375"
"0","11","6","40","10","8","4.48309326171875"
"0","5","6","34","22","8","6.3499755859375"
"0","5","7","25","39","36","20.05035400390625"
"1","2","2","36","39","39","2.4332275390625"
"1","3","3","13","41","41","4.99957275390625"
"1","4","4","41","27","27","2.08367919921875"
"1","11","11","13","30","30","9.61651611328125"
"0","3","2","38","25","35","4.6170654296875"
"1","4","4","11","16","16","6.25079345703125"
"1","5","5","18","21","21","15.33331298828125"
"0","8","9","20","38","30","10.749755859375"
"0","11","9","32","4","34","17.5496826171875"
"0","7","11","14","23","21","20.36602783203125"
"1","5","5","11","39","39","11.9169921875"
"1","4","4","4","30","30","5.71630859375"
"1","4","4","37","33","33","4.44927978515625"
"0","9","11","23","18","29","5.366455078125"
"0","5","-1","10","8","0","30"
"0","5","6","26","28","40","12.8160400390625"
"1","7","7","20","31","31","5.64990234375"
"0","2","-1","6","12","37","8.59906005859375"
"0","3","2","28","31","33","4.16595458984375"
"1","5","5","10","15","15","12.85015869140625"
"1","6","6","14","32","32","3.04931640625"
"1","7","7","19","29","29","6.716064453125"
"1","5","5","38","19","19","9.266357421875"
"0","8","10","31","7","34","7.016357421875"
"1","5","5","39","25","25","14.46722412109375"
"1","9","9","13","25","25","1.53302001953125"
"1","9","9","38","21","21","1.11663818359375"
"0","6","10","41","16","19","11.715576171875"
"1","10","10","29","37","37","17.21685791015625"
"1","3","3","38","4","4","3.16717529296875"
"1","3","3","33","23","23","10.08349609375"
"0","2","1","12","6","19","1.83294677734375"
"0","7","6","34","35","30","2.932373046875"
"0","10","8","36","38","35","17.54864501953125"
"0","6","-1","12","29","0","30"
"0","2","-1","12","35","0","30"
"1","7","7","35","16","16","19.0989990234375"
"0","8","9","12","18","11","9.7330322265625"
"0","11","-1","41","12","37","25.6656494140625"
"0","9","-1","26","32","38","22.683349609375"
"1","4","4","17","14","14","7.9161376953125"
"0","7","-1","35","34","3","11.116455078125"
"0","4","3","9","40","28","3.4840087890625"
"1","2","2","35","12","12","18.250244140625"
"1","11","11","22","9","9","14.3338623046875"
"1","8","8","24","6","6","12.46728515625"
"1","4","4","14","17","17","5.69970703125"
"0","9","10","8","29","15","14.816162109375"
"0","3","9","4","36","0","30"
"1","6","6","23","7","7","18.7156982421875"
"0","8","5","37","18","7","12.8162841796875"
"0","4","1","15","25","38","0.083251953125"
"0","11","8","22","30","29","2.6324462890625"
"0","9","-1","21","28","21","3.716796875"
"0","9","-1","29","8","0","30"
"1","8","8","4","19","19","24.5833740234375"
"0","4","-1","3","28","19","27.515625"
"0","2","1","27","11","13","2.300537109375"
"0","4","-1","10","29","0","30"
"0","3","4","13","41","0","30"
"0","11","-1","38","8","23","4.5167236328125"
"0","6","-1","13","6","37","7.6663818359375"
"1","11","11","6","34","34","18.2989501953125"
"1","6","6","27","19","19","12.9158935546875"
"0","4","-1","18","38","0","30"
"1","10","10","32","17","17","6.79931640625"
"1","6","6","33","3","3","15.5821533203125"
"0","5","-1","28","23","0","30"
"0","10","11","38","22","8","4.515625"
"0","10","6","17","32","28","16.0654296875"
"1","7","7","26","33","33","5.79931640625"
"1","1","1","35","25","25","4.017578125"
"0","3","4","12","4","39","6.783935546875"
"0","10","7","16","15","0","30"
"1","11","11","33","34","34","2.900146484375"
"1","4","4","39","13","13","2.500732421875"
"0","10","11","35","13","11","1.817138671875"
"0","11","10","23","17","26","5.33349609375"
"0","1","2","12","25","6","5.14990234375"
"0","8","-1","14","37","4","8.048828125"
"0","11","10","33","34","10","2.500732421875"
"0","4","-1","30","19","30","2.199462890625"
"0","4","10","13","39","35","2.016845703125"
"1","2","2","6","39","39","6.016357421875"
"0","4","2","36","24","13","11.68212890625"
"0","11","-1","5","20","0","30"
"0","2","-1","40","31","0","30"
"1","5","5","32","5","5","10.915771484375"
"1","5","5","17","5","5","10.63330078125"
"1","6","6","21","31","31","7.366455078125"
"1","1","1","12","25","25","2.68359375"
"1","2","2","3","17","17","2.0498046875"
"0","3","-1","10","4","0","30"
"1","7","7","27","12","12","13.499755859375"
"0","8","-1","9","23","0","30"
"0","2","-1","3","14","0","30"
"0","2","-1","30","25","0","30"
"0","1","-1","26","3","0","30"
"0","9","-1","38","21","0","30"
"0","9","-1","15","39","0","30"
"0","7","11","19","13","0","30"
"0","4","4","13","39","0","30"
"1","2","2","34","4","4","4.8662109375"
"0","10","-1","9","8","20","10.517333984375"
"0","10","6","36","38","0","30"
"0","11","-1","17","23","0","30"
"0","9","3","38","16","25","6.016357421875"
"0","1","-1","12","19","12","3.466339111328125"
"0","1","-1","7","10","7","14.04951095581055"
"1","2","2","37","32","32","2.767387390136719"
"0","2","1","29","38","4","1.467185974121094"
"0","1","2","37","23","32","10.83330535888672"
"0","2","1","15","30","38","4.816497802734375"
"0","2","9","22","20","15","7.516708374023438"
"0","2","2","31","23","40","2.300743103027344"
"0","1","2","27","13","11","8.616424560546875"
"0","1","2","12","25","35","2.649444580078125"
"0","2","1","36","13","27","11.98282623291016"
"1","1","1","27","13","13","2.313278198242188"
"1","1","1","31","33","33","10.477294921875"
"1","2","2","15","4","4","1.749313354492188"
"1","2","2","31","40","40","3.0660400390625"
"1","1","1","17","26","26","1.299652099609375"
"0","1","2","39","16","36","1.15069580078125"
"0","1","2","41","24","11","1.899185180664062"
"0","2","1","29","38","4","2.599990844726563"
"0","2","1","6","12","19","1.650115966796875"
"0","2","1","32","37","23","6.925949096679688"
"0","1","1","26","3","17","3.117050170898438"
"1","1","1","30","35","35","2.59991455078125"
"1","1","1","6","4","4","1.400863647460938"
"0","1","2","41","24","11","1.661956787109375"
"0","1","2","13","27","36","5.666397094726563"
"0","1","1","28","40","5","2.049087524414063"
"1","2","2","8","23","23","5.166290283203125"
"1","2","2","11","41","41","1.466964721679688"
"0","2","1","18","10","34","13.15003967285156"
"1","2","2","39","36","36","2.317138671875"
"0","1","1","10","7","34","4.66632080078125"
"0","2","1","35","12","30","1.949798583984375"
"0","2","2","32","37","33","1.649505615234375"
"0","2","1","37","22","8","1.2069091796875"
"0","1","1","13","27","11","5.666748046875"
"1","2","2","3","17","17","2.04931640625"
"1","1","1","28","5","5","2.6002197265625"
"1","1","1","32","31","31","2.799713134765625"
"1","1","1","3","26","26","2.200103759765625"
"0","1","1","21","22","20","2.4501953125"
"0","1","1","38","15","30","5.015777587890625"
"0","1","2","15","29","4","1.70550537109375"
"1","1","1","25","35","35","1.96673583984375"
"0","2","1","4","15","29","1.266876220703125"
"1","1","1","35","30","30","1.45037841796875"
"1","2","2","27","16","16","2.665771484375"
"1","1","1","9","14","14","1.400115966796875"
"0","1","2","17","26","3","1.199981689453125"
"0","2","1","34","4","10","1.150360107421875"
"1","1","1","24","11","11","1.561279296875"
"1","1","1","41","24","24","1.417236328125"
"0","1","2","24","11","13","2.2164306640625"
"0","2","2","40","5","31","2.867462158203125"
"0","2","1","30","25","35","1.42669677734375"
"0","2","1","4","34","18","1.350189208984375"
"0","1","2","18","34","10","1.2994384765625"
"1","1","1","21","20","20","1.25030517578125"
"0","2","1","20","10","21","1.55047607421875"
"0","1","2","38","15","29","1.50274658203125"
"1","1","1","4","29","29","1.016845703125"
"1","1","1","39","4","4","1.400054931640625"
"0","1","2","18","34","10","2.566314697265625"
"1","2","2","21","8","8","1.450103759765625"
"0","1","2","12","19","6","2.0496826171875"
"1","1","1","20","7","7","1.599853515625"
"1","1","1","19","12","12","1.449615478515625"
"1","2","2","26","9","9","1.9002685546875"
"1","2","2","25","30","30","1.314666748046875"
"0","2","1","34","7","10","1.46673583984375"
"1","1","1","14","9","9","1.866485595703125"
"0","2","1","12","6","19","1.5498046875"
"1","1","1","39","4","4","1.499847412109375"
"1","1","1","28","40","40","2.299346923828125"
"0","2","1","19","4","6","1.300262451171875"
"0","1","2","19","12","25","2.64984130859375"
"1","1","1","11","13","13","1.75018310546875"
"0","2","1","12","6","19","1.29931640625"
"1","2","2","30","25","25","1.2139892578125"
"0","2","1","15","30","38","0.90093994140625"
"0","1","2","26","17","9","3.51611328125"
"1","1","1","10","34","34","1.31707763671875"
"1","1","1","17","26","26","2.366455078125"
"1","1","1","4","18","18","1.049560546875"
"1","2","2","26","9","9","1.249267578125"
"0","2","1","26","9","3","1.45037841796875"
"1","1","1","21","22","22","1.0594482421875"
"1","1","1","9","14","14","1.31719970703125"
"0","2","1","3","14","9","1.099609375"
"0","2","1","31","23","33","0.849853515625"
"1","2","2","14","28","28","1.7496337890625"
"0","2","1","25","19","12","1.250244140625"
"1","1","1","37","8","8","0.96661376953125"
"0","2","1","38","35","15","1.2501220703125"
"1","2","2","11","41","41","1.30023193359375"
"1","1","1","4","6","6","1.70001220703125"
"1","1","1","37","8","8","0.85040283203125"
"0","1","1","28","5","40","1.15789794921875"
"0","2","1","18","10","34","0.79998779296875"
"0","2","1","25","19","12","1.250244140625"
"0","2","1","35","38","30","0.74981689453125"
"0","1","2","11","24","41","1.0582275390625"
"0","2","1","12","35","25","1.61749267578125"
"1","1","1","10","7","7","1.56671142578125"
"1","1","1","10","34","34","1.09954833984375"
"0","2","1","8","21","22","1.14947509765625"
"1","1","1","17","26","26","1.19964599609375"
"0","2","1","5","40","14","1.14996337890625"
"1","1","1","36","16","16","1.6666259765625"
"1","1","1","37","8","8","1.4000244140625"
"1","1","1","5","14","14","1.45001220703125"
"0","1","1","23","37","32","1.14984130859375"
"1","1","1","22","8","8","0.90032958984375"
"0","2","1","32","37","31","1.0670166015625"
"1","1","1","30","38","38","3.7674560546875"
"0","2","1","11","27","13","1.21759033203125"
"0","2","1","41","11","24","4.41729736328125"
"1","1","1","24","41","41","1.000244140625"
"1","1","1","41","24","24","1.06658935546875"
"1","1","1","28","40","40","1.30023193359375"
"0","2","1","17","3","26","0.8497314453125"
"0","2","1","4","16","39","1.2000732421875"
"0","1","2","5","14","9","1.81475830078125"
"0","2","1","16","27","36","0.9114990234375"
"0","2","1","30","25","38","1.5169677734375"
"0","2","1","19","25","12","1.34979248046875"
"0","1","1","31","32","33","1.55010986328125"
"0","2","1","30","15","38","2.60003662109375"
"0","1","2","26","17","9","4.41552734375"
"0","2","1","21","8","22","3.816650390625"
"1","1","1","14","9","9","5.5740966796875"
"0","2","1","19","25","12","1.79998779296875"
"0","2","1","24","13","11","3.51580810546875"
"1","1","1","10","7","7","6.21636962890625"
"1","1","1","8","22","22","1.25054931640625"
"0","2","1","23","8","32","0.75067138671875"
"0","1","2","26","3","9","8.4791259765625"
"0","2","1","10","20","7","1.66644287109375"
"1","1","1","41","24","24","1.75225830078125"
"0","2","1","40","31","33","2.81756591796875"
"0","1","2","40","28","5","1.45556640625"
"0","2","1","24","13","11","5.8162841796875"
"1","1","1","33","31","31","1.7501220703125"
"1","2","2","4","19","19","1.399658203125"
"1","1","1","11","13","13","0.949462890625"
"1","1","1","14","5","5","1.8665771484375"
"1","1","1","14","5","5","2.1175537109375"
"0","2","1","29","18","4","1.8173828125"
"1","1","1","11","13","13","0.69964599609375"
"0","2","2","13","24","36","2.816650390625"
"0","1","1","11","13","24","2.166748046875"
"0","2","1","4","16","39","0.699462890625"
"0","1","1","10","34","7","1.05059814453125"
"1","1","1","8","37","37","1.75323486328125"
"0","2","1","24","13","11","2.3106689453125"
"0","2","1","27","16","36","1.8568115234375"
"1","2","2","36","39","39","1.06683349609375"
"0","2","1","28","14","5","2.0665283203125"
"1","1","1","4","29","29","1.34954833984375"
"0","1","2","11","13","27","1.5491943359375"
"1","2","2","21","8","8","2.1492919921875"
"1","2","2","21","8","8","1.1998291015625"
"0","2","1","28","14","5","1.10003662109375"
"0","1","1","12","19","25","1.1671142578125"
"0","1","3","4","18","38","1.199951171875"
"0","2","2","37","22","32","8.7833251953125"
"1","1","1","33","40","40","1.4005126953125"
"1","2","2","36","13","13","1.499755859375"
"1","1","1","18","34","34","1.19976806640625"
"1","1","1","4","39","39","1.55035400390625"
"0","1","2","8","37","21","3.957763671875"
"0","2","1","6","12","19","0.90032958984375"
"0","2","1","41","11","24","0.8502197265625"
"1","2","2","15","30","30","1.2666015625"
"0","1","1","41","24","0","30"
"1","2","2","38","29","29","1.2996826171875"
"1","1","1","23","37","37","2.96630859375"
"1","1","1","30","38","38","1.9002685546875"
"0","1","1","3","26","9","26.632568359375"
"0","2","1","41","11","24","1.61669921875"
"1","2","2","18","29","29","2.3167724609375"
"0","2","1","9","5","14","2.2174072265625"
"0","2","1","15","4","29","11.63330078125"
"1","1","1","34","18","18","1.7493896484375"
"0","1","2","32","31","37","4.86669921875"
"0","2","-1","34","4","0","30"
"0","1","1","38","15","30","3.0260009765625"
"0","2","-1","35","12","0","30"
"0","1","2","5","28","9","3.1666259765625"
"0","1","1","14","5","9","8.9168701171875"
"0","2","1","6","12","19","1.050048828125"
"0","2","1","38","35","30","1.16650390625"
"0","2","1","10","20","7","26.832275390625"
"0","1","-1","7","20","0","30"
"0","2","9","4","16","0","30"
"1","2","2","37","32","32","9.533203125"
"0","1","1","34","18","10","19.46484375"
"0","2","-1","4","15","0","30"
"0","2","1","8","23","37","1.461181640625"
"0","2","1","40","31","33","8.68310546875"
"0","1","4","13","27","0","30"
"1","2","2","41","11","11","18.3587646484375"
"1","1","1","35","25","25","1.4166259765625"
"1","2","2","9","5","5","2.21728515625"
"1","2","2","4","19","19","12.900146484375"
"0","2","1","6","12","19","1.25"
"0","2","1","4","19","6","2.1494140625"
"1","1","1","37","8","8","1.94970703125"
"0","1","2","7","10","34","1.4493408203125"
"0","1","1","39","16","4","3.29931640625"
"1","1","1","31","32","32","1.900390625"
"0","1","2","13","11","36","5.8668212890625"
"0","2","-1","14","28","0","30"
"0","2","3","11","27","36","22.2161865234375"
"0","2","2","27","11","16","12.4326171875"
"0","1","2","15","29","30","0.849853515625"
"1","2","2","36","39","39","10.5208740234375"
"0","1","2","33","40","32","2.099853515625"
"0","1","2","13","11","24","15.849853515625"
"0","2","2","5","9","40","7.0338134765625"
"0","2","1","28","14","5","4.3660888671875"
"0","1","2","21","22","8","4.9168701171875"
"0","2","1","32","37","23","0.7493896484375"
"0","1","2","25","35","30","2.10009765625"
"0","3","2","16","6","4","1.6007080078125"
"1","3","3","39","19","19","1.3155517578125"
"1","2","2","11","27","27","1.216796875"
"0","3","4","23","22","21","1.7005615234375"
"0","2","3","24","13","27","5.9664306640625"
"0","4","1","9","40","14","2.75"
"0","1","2","4","39","16","2.9501953125"
"0","1","4","23","37","21","9.41552734375"
"1","4","4","24","36","36","1.533935546875"
"0","5","2","28","23","33","1.7705078125"
"0","7","6","16","35","25","5.22021484375"
"1","3","3","16","13","13","2.984111785888672"
"0","5","7","20","23","31","2.384208679199219"
"1","3","3","17","9","9","2.800800323486328"
"1","4","4","17","14","14","11.98305130004883"
"1","4","4","6","36","36","15.54965972900391"
"1","5","5","6","30","30","16.31645202636719"
"1","3","3","5","3","3","4.200508117675781"
"1","5","5","30","6","6","10.54902648925781"
"1","3","3","38","25","25","3.233978271484375"
"0","7","5","40","22","37","2.816825866699219"
"1","6","6","25","4","4","2.934036254882813"
"1","3","3","19","39","39","3.633468627929688"
"1","7","7","27","12","12","5.033477783203125"
"1","2","2","17","3","3","6.016677856445312"
"1","4","4","8","31","31","13.66578674316406"
"1","4","4","28","3","3","4.199905395507812"
"1","4","4","9","40","40","4.699966430664063"
"0","4","3","31","5","28","4.215728759765625"
"0","7","-1","24","4","5","6.766464233398438"
"1","7","7","14","23","23","16.782958984375"
"1","2","2","17","3","3","12.76559448242188"
"1","3","3","5","33","33","5.615524291992188"
"1","7","7","40","17","17","4.39984130859375"
"1","1","1","34","18","18","11.84968566894531"
"1","7","7","27","12","12","13.4996337890625"
"1","4","4","15","34","34","10.44989013671875"
"1","3","3","8","20","20","7.617462158203125"
"1","7","7","18","25","25","7.4158935546875"
"1","7","7","18","8","8","5.998870849609375"
"1","7","7","9","32","32","7.9327392578125"
"1","5","5","11","39","39","21.13211059570313"
"1","4","4","22","10","10","8.91607666015625"
"0","1","1","37","23","8","20.432373046875"
"1","3","3","17","9","9","5.04931640625"
"1","7","7","19","13","13","18.99871826171875"
"1","3","3","21","10","10","8.315948486328125"
"1","7","7","15","20","20","6.1331787109375"
"1","5","5","40","3","3","6.166748046875"
"1","7","7","32","7","7","18.41708374023438"
"1","2","2","7","21","21","2.016204833984375"
"1","7","7","16","35","35","2.517303466796875"
"1","7","7","32","7","7","13.9837646484375"
"1","4","4","4","30","30","8.35064697265625"
"1","5","5","12","16","16","5.8321533203125"
"0","4","7","17","14","40","12.26666259765625"
"1","4","4","24","36","36","8.96649169921875"
"1","4","4","11","16","16","4.26611328125"
"1","4","4","37","33","33","1.6993408203125"
"1","5","5","10","15","15","5.083251953125"
"0","8","7","19","11","13","9.3837890625"
"1","11","11","11","35","35","7.04962158203125"
"1","10","10","23","26","26","7.98382568359375"
"1","8","8","15","4","4","7.76690673828125"
"1","6","6","35","18","18","4.983154296875"
"1","1","1","26","3","3","15.54974365234375"
"0","11","10","8","38","15","16.249755859375"
"0","4","3","35","6","19","5.73248291015625"
"1","3","3","31","37","37","3.4659423828125"
"1","10","10","34","31","31","4.8326416015625"
"1","3","3","33","23","23","14.09991455078125"
"0","11","7","7","12","38","23.89935302734375"
"1","9","9","15","22","22","21.25030517578125"
"1","11","11","27","38","38","4.449951171875"
"1","4","4","9","40","40","20.33251953125"
"1","10","10","17","32","32","5.78314208984375"
"1","5","5","25","29","29","17.88250732421875"
"1","7","7","4","12","12","11.749755859375"
"1","9","9","34","32","32","11.41632080078125"
"1","6","6","9","31","31","6.6165771484375"
"1","1","1","40","33","33","4.61724853515625"
"1","10","10","21","5","5","18.066162109375"
"1","11","11","4","18","18","4.150634765625"
"1","4","4","27","4","4","3.683837890625"
"1","5","5","8","10","10","6.8172607421875"
"1","11","11","34","6","6","11.88397216796875"
"1","5","5","38","19","19","6.2159423828125"
"1","4","4","15","25","25","9.765869140625"
"1","4","4","19","16","16","18.80059814453125"
"1","2","2","14","3","3","7.85009765625"
"1","9","9","12","11","11","13.2503662109375"
"1","5","5","8","33","33","5.4833984375"
"0","8","10","17","33","32","12.098876953125"
"1","6","6","30","34","34","9.1494140625"
"1","1","1","37","23","23","4.7490234375"
"1","6","6","40","8","8","13.717529296875"
"1","7","7","7","32","32","3.6331787109375"
"1","1","1","7","20","20","1.88330078125"
"0","9","7","26","32","33","14.115966796875"
"1","11","11","27","38","38","25.5487060546875"
"1","6","6","34","8","8","4.66650390625"
"0","1","1","14","5","9","29.1995849609375"
"0","1","-1","14","5","0","30"
"0","11","-1","26","37","0","30"
"1","2","2","5","9","9","28.515380859375"
"0","2","-1","5","9","0","30"
"1","10","10","7","40","40","6.9498291015625"
"1","5","5","28","23","23","15.9327392578125"
"1","1","1","30","35","35","4.6663818359375"
"1","4","4","21","34","34","3.350341796875"
"1","5","5","19","38","38","7.283203125"
"1","5","5","17","5","5","13.067138671875"
"1","3","3","29","34","34","3"
"1","3","3","5","33","33","4.066650390625"
"1","6","6","38","10","10","27.2493896484375"
"0","1","-1","28","5","0","30"
"0","11","9","13","30","25","19.7486572265625"
"1","2","2","7","21","21","9.6002197265625"
"0","2","-1","4","15","0","30"
"0","9","11","11","12","35","12.6998291015625"
"0","6","5","40","26","3","9.115478515625"
"1","4","4","3","28","28","9.150146484375"
"1","3","3","9","17","17","8.700439453125"
"1","10","10","23","26","26","4.582763671875"
"1","5","5","31","22","22","10.533203125"
"1","7","7","8","28","28","4.7332763671875"
"0","8","6","35","10","18","25.9486083984375"
"0","9","11","22","5","9","24.466796875"
"1","2","2","16","4","4","2.5667724609375"
"1","10","10","9","8","8","7.56591796875"
"0","11","9","20","25","30","13.31640625"
"1","3","3","20","34","34","3.4996337890625"
"0","8","-1","28","22","0","30"
"0","11","10","39","4","29","29.066650390625"
"0","11","8","39","4","0","30"
"1","11","11","31","18","18","14.6495361328125"
"1","9","9","39","15","15","3.5838623046875"
"1","10","10","16","15","15","1.7999267578125"
"1","5","5","5","17","17","1.7508544921875"
"0","8","10","36","35","38","3.7996826171875"
"1","2","2","3","17","17","6.499267578125"
"0","8","-1","40","21","0","30"
"1","10","10","17","32","32","8.3172607421875"
"1","2","2","25","19","19","6.2171630859375"
"1","1","1","30","35","35","4.8507080078125"
"1","4","4","31","8","8","5.7838134765625"
"1","3","3","31","28","28","7.033203125"
"1","8","8","4","41","41","18.3497314453125"
"1","4","4","17","14","14","5.9664306640625"
"1","5","5","34","38","38","6.4669189453125"
"0","6","4","39","35","12","2.567138671875"
"0","9","10","11","12","25","5.0001220703125"
"1","10","10","40","7","7","10.2164306640625"
"1","10","10","34","31","31","2.8170166015625"
"1","11","11","4","18","18","2.650634765625"
"1","11","11","37","15","15","13.2337646484375"
"1","5","5","17","5","5","3.86669921875"
"1","10","10","37","29","29","10.265625"
"1","11","11","40","10","10","8.317138671875"
"0","2","3","27","11","24","3.2001953125"
"1","7","7","34","37","37","6.216796875"
"0","7","5","28","8","23","5.448974609375"
"1","3","3","12","4","4","3.3994140625"
"0","11","-1","9","22","21","22.932861328125"
"1","3","3","17","9","9","2.66650390625"
"0","4","7","18","38","25","4.61572265625"
"0","8","10","20","33","28","22.7158203125"
"1","4","4","23","40","40","5.966552734375"
"1","4","4","12","38","38","2.2509765625"
"0","5","6","39","11","24","13.116455078125"
"1","7","7","41","39","39","26.60009765625"
"0","1","3","17","26","9","27.86572265625"
"0","1","-1","17","26","0","30"
"1","5","5","23","28","28","19.5498046875"
"1","3","3","33","5","5","2.400634765625"
"0","7","5","32","7","21","6.483642578125"
"1","5","5","34","22","22","6.349609375"
"1","8","8","35","10","10","23.649658203125"
"1","2","2","36","13","13","17.566650390625"
"1","9","9","17","31","31","19.733642578125"
"0","7","4","39","41","13","27.066162109375"
"0","2","-1","22","37","0","30"
"0","9","10","40","20","7","27.182861328125"
"0","3","-1","18","7","0","30"
"1","1","1","15","38","38","11.233154296875"
"1","2","2","31","40","40","1.2001953125"
"1","5","5","38","19","19","9.23291015625"
"1","1","1","4","18","18","1.19921875"
"1","2","2","40","31","31","3.033447265625"
"1","3","3","24","27","27","2.53271484375"
"1","4","4","35","6","6","3.566650390625"
"1","5","5","15","12","12","4.400390625"
"1","5","5","41","36","36","3.399169921875"
"0","7","5","38","4","19","4.199951171875"
"1","2","2","14","3","3","1.182861328125"
"1","8","8","40","21","21","23.515869140625"
"1","6","6","39","24","24","7.48291015625"
"1","9","9","25","13","13","8.232421875"
"1","10","10","27","30","30","5.91650390625"
"1","1","1","7","20","20","1.533447265625"
"1","10","10","38","36","36","6.983154296875"
"0","2","1","22","20","21","1.649658203125"
"1","10","10","12","24","24","5.533447265625"
"1","11","11","5","20","20","21.883056640625"
"0","9","8","33","7","20","6.400146484375"
"1","10","10","15","8","8","12.6494140625"
"1","8","8","31","7","7","14.61572265625"
"1","5","5","22","34","34","4.115966796875"
"1","7","7","40","22","22","16.516357421875"
"1","11","11","15","37","37","2.982666015625"
"1","2","2","11","41","41","15.366455078125"
"1","6","6","38","10","10","2.083251953125"
"1","4","4","40","9","9","1.099365234375"
"0","7","5","17","40","5","6.54931640625"
"1","1","1","12","25","25","1.899169921875"
"0","8","10","15","21","8","3.082275390625"
"1","11","11","23","17","17","15.93310546875"
"0","7","6","39","30","35","2.9833984375"
"1","6","6","4","11","11","9.7333984375"
"1","2","2","3","17","17","2.382568359375"
"1","11","11","32","4","4","7.69921875"
"1","4","4","18","20","20","3.83251953125"
"1","5","5","16","12","12","3.550048828125"
"0","11","-1","4","18","22","5.866455078125"
"1","5","5","22","34","34","6.63330078125"
"1","10","10","38","36","36","7.3505859375"
"0","11","10","7","12","25","5.200927734375"
"1","3","3","21","37","37","1.66650390625"
"0","1","2","13","11","24","1.582275390625"
"1","6","6","20","29","29","2.94921875"
"1","3","3","30","29","29","2.432373046875"
"1","2","2","41","11","11","1.882568359375"
"1","5","5","10","15","15","17.08203125"
"1","10","10","22","14","14","3.099365234375"
"1","5","5","21","32","32","5.3330078125"
"0","4","3","12","39","4","2.833984375"
"1","8","8","18","37","37","7.050537109375"
"1","2","2","10","20","20","1.149658203125"
"0","7","6","35","34","18","6.716064453125"
"1","9","9","4","6","6","16.19970703125"
"1","8","8","4","15","15","10.316162109375"
"1","9","9","20","40","40","7.365966796875"
"1","5","5","18","30","30","10.698974609375"
"1","3","3","5","3","3","2.19970703125"
"1","4","4","19","16","16","5.03369140625"
"1","4","4","31","8","8","3.26708984375"
"1","6","6","6","38","38","2.082763671875"
"1","11","11","37","15","15","12.516357421875"
"1","9","9","25","13","13","7.98291015625"
"1","7","7","29","19","19","5.066162109375"
"1","8","8","32","10","10","9.366943359375"
"1","4","4","39","12","12","2.2509765625"
"1","3","3","36","4","4","1.500732421875"
"1","4","4","25","15","15","2.550537109375"
"1","4","4","37","33","33","1.349853515625"
"1","3","3","27","24","24","3.333740234375"
"1","8","8","32","10","10","7.400146484375"
"1","6","6","27","19","19","2.199951171875"
"1","5","5","16","24","24","4.06640625"
"1","10","10","17","32","32","5.93310546875"
"1","8","8","31","7","7","10.400390625"
"1","11","11","13","30","30","2.149169921875"
"1","9","9","8","29","29","12.800048828125"
"0","8","10","16","30","15","3.766845703125"
"1","9","9","35","7","7","7.598876953125"
"1","4","4","13","39","39","1.783935546875"
"1","6","6","8","40","40","2.13330078125"
"1","10","10","23","4","4","5.93408203125"
"1","2","2","12","35","35","1.43408203125"
"1","11","11","36","15","15","2.883544921875"
"1","4","4","6","35","35","2.166748046875"
"1","1","1","3","9","9","1.115966796875"
"1","9","9","17","31","31","16.866943359375"
"1","2","2","41","11","11","1.06689453125"
"1","9","9","40","20","20","5.94970703125"
"1","8","8","32","10","10","12.615478515625"
"1","3","3","31","37","37","1.99951171875"
"1","5","5","18","21","21","2.999267578125"
"1","9","9","26","32","32","8.582763671875"
"1","5","5","6","27","27","9.816650390625"
"1","7","7","4","38","38","2.583984375"
"1","9","9","26","32","32","6.649658203125"
"1","11","11","34","33","33","1.800537109375"
"1","4","4","12","39","39","3.5830078125"
"1","9","9","30","36","36","8.71728515625"
"1","10","10","25","7","7","4.048828125"
"1","3","3","40","14","14","1.79931640625"
"0","11","8","26","37","31","13.732666015625"
"0","7","5","20","15","4","5.665771484375"
"1","1","1","17","26","26","2.817626953125"
"1","7","7","3","31","31","6.050048828125"
"1","10","10","24","12","12","4.900390625"
"0","8","6","16","30","25","5.982177734375"
"1","1","1","33","40","40","1.316162109375"
"1","3","3","35","19","19","1.666748046875"
"1","3","3","25","6","6","5.433349609375"
"1","1","1","36","16","16","1.5673828125"
"1","3","3","37","31","31","1.967529296875"
"1","10","10","4","4","4","4.2001953125"
"1","2","2","7","21","21","0.982421875"
"1","8","8","21","40","40","5.849609375"
"0","11","6","14","21","32","27.966552734375"
"0","11","-1","14","21","0","30"
"1","9","9","41","6","6","8.982421875"
"1","3","3","41","13","13","2.31689453125"
"1","4","4","40","9","9","1.6328125"
"1","8","8","27","25","25","4.08251953125"
"1","1","1","27","36","36","1.18310546875"
"1","10","10","9","8","8","9.682373046875"
"1","7","7","34","37","37","4.283935546875"
"1","9","9","24","19","19","9.649169921875"
"1","2","2","26","9","9","11.400390625"
"1","11","11","19","10","10","1.834228515625"
"1","1","1","7","10","10","2.4951171875"
"1","8","8","15","21","21","4.00048828125"
"1","2","2","34","7","7","1.349853515625"
"1","7","7","34","37","37","6.5498046875"
"1","11","11","19","10","10","1.8837890625"
"1","6","6","18","22","22","2.5830078125"
"1","5","5","28","26","26","10.833251953125"
"0","8","10","17","33","32","5.8828125"
"0","4","3","35","6","19","2.050537109375"
"1","11","11","11","35","35","3.216064453125"
"1","9","9","21","28","28","6.7333984375"
"1","1","1","4","6","6","1.41650390625"
"1","8","8","9","23","23","6.599609375"
"1","8","8","4","19","19","4.5341796875"
"1","10","10","33","10","10","4.7490234375"
"1","1","1","28","40","40","2.866455078125"
"0","8","10","21","15","30","6.3671875"
"0","6","5","24","39","16","5.3499755859375"
"1","2","2","34","7","7","5.51708984375"
"1","2","2","24","13","13","3.13397216796875"
"1","9","9","8","14","14","6.599853515625"
"1","9","9","30","36","36","27.91668701171875"
"0","9","-1","30","36","0","30"
"1","2","2","41","11","11","1.81646728515625"
"1","7","7","26","33","33","10.2664794921875"
"1","1","1","8","22","22","1.33270263671875"
"1","5","5","39","11","11","3.5989990234375"
"1","1","1","18","34","34","1.233642578125"
"0","11","6","39","4","35","3.93292236328125"
"1","4","4","13","39","39","2.48394775390625"
"1","6","6","12","36","36","3.15045166015625"
"1","2","2","10","18","18","8.5673828125"
"1","7","7","4","38","38","16.08343505859375"
"0","6","5","34","8","22","3.967041015625"
"0","6","5","21","4","18","6.3330078125"
"1","1","1","35","25","25","1.49951171875"
"0","6","5","31","21","22","4.83331298828125"
"0","10","11","9","8","22","14.5672607421875"
"1","3","3","18","7","7","3.73382568359375"
"1","2","2","4","19","19","3.7493896484375"
"1","2","2","40","5","5","1.61676025390625"
"1","9","9","9","37","37","4.61676025390625"
"1","8","8","39","38","38","7.634033203125"
"1","11","11","5","20","20","7.2169189453125"
"1","2","2","7","34","34","1.04962158203125"
"1","8","8","18","12","12","5.5841064453125"
"1","10","10","21","5","5","19.20062255859375"
"1","4","4","27","4","4","3.88275146484375"
"1","2","2","8","21","21","10.61669921875"
"0","11","9","12","41","11","3.36749267578125"
"1","7","7","3","31","31","5.3167724609375"
"1","11","11","7","12","12","8.33416748046875"
"1","5","5","20","23","23","8.950439453125"
"1","5","5","33","8","8","15.78387451171875"
"0","2","1","31","23","32","1.06640625"
"1","4","4","34","21","21","3.61676025390625"
"0","8","8","25","34","27","3.08331298828125"
"1","3","3","9","17","17","3.0823974609375"
"0","3","2","9","28","5","2.26702880859375"
"1","6","6","21","31","31","3.2843017578125"
"1","3","3","34","20","20","3.5006103515625"
"0","6","4","32","20","22","4.68359375"
"0","1","2","5","28","40","1.2662353515625"
"0","11","10","38","27","36","11.3328857421875"
"0","11","5","8","3","33","3.267333984375"
"0","9","7","24","19","4","16.66650390625"
"0","9","7","5","22","37","3.1005859375"
"1","4","4","36","24","24","5.7998046875"
"1","3","3","20","8","8","2.5328369140625"
"1","5","5","9","33","33","5.0994873046875"
"1","10","10","3","37","37","11.7784423828125"
"1","5","5","10","8","8","21.4169921875"
"0","5","4","7","29","4","4.5994873046875"
"1","2","2","20","10","10","2.3328857421875"
"1","11","11","11","35","35","4.5"
"0","7","-1","35","16","0","30"
"0","6","11","29","12","16","6.083251953125"
"0","2","1","33","32","31","4.6832275390625"
"0","6","7","38","10","7","9.50048828125"
"0","4","5","31","5","14","6.633056640625"
"0","4","6","36","6","12","8.950439453125"
"0","11","10","39","4","29","7.4674072265625"
"1","2","2","26","9","9","3.9840087890625"
"0","6","4","16","41","11","10.333251953125"
"0","10","7","17","32","40","2.3160400390625"
"1","9","9","26","32","32","16.0833740234375"
"1","1","1","41","24","24","3.2509765625"
"0","1","6","30","35","4","4.266845703125"
"1","5","5","21","32","32","10.6165771484375"
"1","1","1","26","17","17","8.000732421875"
"1","3","3","34","20","20","4.333740234375"
"0","4","2","17","14","3","4.282470703125"
"1","2","2","10","18","18","2.73388671875"
"1","4","4","30","4","4","4.1669921875"
"0","6","5","35","18","4","4.7669677734375"
"1","1","1","3","26","26","2.4324951171875"
"0","8","9","8","5","29","11.4327392578125"
"1","9","9","23","3","3","8.799072265625"
"1","4","4","23","40","40","3.0992431640625"
"0","7","6","11","6","4","3.165771484375"
"1","5","5","27","6","6","5.499755859375"
"1","3","3","13","41","41","5.7666015625"
"1","11","11","41","12","12","8.4674072265625"
"1","1","1","4","39","39","3.7332763671875"
"1","3","3","40","14","14","1.850341796875"
"1","3","3","32","40","40","11.083984375"
"1","1","1","17","26","26","1.2337646484375"
"1","7","7","36","25","25","19.282958984375"
"0","4","3","6","36","16","1.7991943359375"
"0","3","4","4","36","27","5.3834228515625"
"0","6","5","12","29","15","10.9161376953125"
"0","10","2","37","29","22","4.100341796875"
"1","11","11","39","4","4","6.2003173828125"
"1","5","5","4","20","20","2.984130859375"
"0","7","6","21","33","31","8.7838134765625"
"1","4","4","7","8","8","1.9342041015625"
"1","3","3","14","26","26","1.600830078125"
"0","6","5","7","23","37","4.0670166015625"
"0","6","7","32","20","7","25.35009765625"
"1","10","10","16","15","15","14.2491455078125"
"1","4","4","14","33","33","12.4656982421875"
"0","9","8","3","23","32","7.4998779296875"
"0","5","4","4","20","7","2.8006591796875"
"1","1","1","3","9","9","1.2332763671875"
"0","6","5","34","30","38","7.3675537109375"
"0","6","4","15","19","25","12.283935546875"
"0","6","4","31","9","5","7.24951171875"
"0","6","5","8","40","33","5.2335205078125"
"1","11","11","16","29","29","13.849365234375"
"1","3","3","15","18","18","2.79931640625"
"1","1","1","38","30","30","1.5335693359375"
"1","1","1","16","36","36","2.483154296875"
"0","9","5","33","7","8","23.73291015625"
"0","10","3","5","21","33","21.5833740234375"
"0","3","2","22","23","37","2.28271484375"
"0","6","5","10","37","8","4.449951171875"
"0","6","5","5","23","32","5.1168212890625"
"0","9","7","22","5","40","21.86669921875"
"1","2","2","30","15","15","1.4344482421875"
"0","6","5","16","41","24","2.9337158203125"
"1","4","4","30","19","19","3.4173583984375"
"1","5","5","5","17","17","1.934326171875"
"0","8","7","37","18","34","7.7677001953125"
"1","6","6","37","28","28","4.7001953125"
"0","3","2","18","15","29","2.682373046875"
"1","7","7","23","10","10","9.9666748046875"
"1","11","11","41","12","12","9.4329833984375"
"0","9","4","10","25","29","29.1165771484375"
"0","9","-1","10","25","0","30"
"1","7","7","19","29","29","11.1334228515625"
"0","10","9","40","7","20","26.9500732421875"
"0","3","-1","18","7","0","30"
"1","1","1","36","16","16","1.6492919921875"
"1","9","9","21","38","38","5.59912109375"
"0","10","11","24","12","25","3.933837890625"
"1","8","8","17","33","33","4.449951171875"
"0","9","8","24","19","6","7.28271484375"
"1","1","1","34","10","10","1.449462890625"
"1","1","1","33","31","31","1.282470703125"
"1","3","3","9","28","28","5.483154296875"
"1","4","4","7","8","8","1.616943359375"
"0","8","7","4","8","22","17.949462890625"
"1","11","11","16","29","29","2.116455078125"
"0","6","2","25","16","19","1.6826171875"
"1","11","11","35","21","21","1.949462890625"
"1","9","9","39","15","15","12.283447265625"
"0","7","4","39","41","13","2.6171875"
"1","5","5","15","10","10","11.616455078125"
"0","6","5","17","28","5","5.032958984375"
"1","10","10","30","21","21","8.09912109375"
"0","11","7","14","21","23","13.349365234375"
"1","2","2","40","31","31","11.333251953125"
"1","1","1","29","4","4","1.301025390625"
"1","11","11","4","18","18","6.06640625"
"0","6","2","17","28","3","4.216552734375"
"1","3","3","9","28","28","7.267333984375"
"1","2","2","37","22","22","8.51708984375"
"0","5","2","17","5","3","1.91748046875"
"1","1","1","27","36","36","1.23291015625"
"1","1","1","38","15","15","0.783203125"
"0","7","6","22","40","33","1.899169921875"
"1","1","1","5","28","28","1.333251953125"
"0","6","3","6","13","16","1.7177734375"
"1","6","6","40","26","26","1.151123046875"
"1","3","3","4","12","12","1.666748046875"
"0","8","7","10","35","30","5.134033203125"
"1","1","1","38","15","15","1.683349609375"
"0","1","-1","26","17","26","0.767333984375"
"0","2","3","29","18","34","1.06640625"
"0","7","6","10","23","37","1.1162109375"
"0","5","2","6","27","39","1.099853515625"
"0","5","7","40","3","17","1.666748046875"
"0","8","7","15","21","20","1.2509765625"
"1","3","3","4","36","36","1.0498046875"
"0","11","10","32","4","18","1.316650390625"
"0","3","2","11","36","27","1.23291015625"
"0","2","1","24","13","11","0.68310546875"
"0","7","6","23","10","7","0.83447265625"
"0","6","11","6","38","34","1.149658203125"
"0","11","6","22","30","18","1.232666015625"
"0","6","7","33","3","26","0.933349609375"
"1","2","2","24","13","13","0.86767578125"
"0","4","2","22","32","37","1.583251953125"
"0","8","7","5","8","37","1.0498046875"
"0","6","7","40","26","17","0.915771484375"
"0","11","1","29","23","4","0.750244140625"
"0","8","7","4","8","22","1.217529296875"
"0","3","4","26","14","5","1.599609375"
"0","4","7","5","31","37","1.06640625"
"0","2","4","39","36","13","0.93310546875"
"0","3","4","6","16","36","1.4833984375"
"0","2","3","10","20","21","0.93408203125"
"1","3","3","37","31","31","1.233642578125"
"1","4","4","14","33","33","1.0830078125"
"1","2","2","9","5","5","1.16552734375"
"0","8","9","8","5","14","1.60009765625"
"0","7","6","11","6","4","1.316162109375"
"1","8","8","6","29","29","1.567626953125"
"0","10","9","6","18","4","1.41650390625"
"1","5","5","5","32","32","0.949951171875"
"0","6","5","10","37","8","1.3330078125"
"1","11","11","41","12","12","3.59912109375"
"0","8","7","34","25","35","2.666259765625"
"0","10","8","38","36","39","1.799560546875"
"0","9","8","41","6","4","21.317138671875"
"0","4","3","41","27","13","2.20068359375"
"0","3","4","9","28","40","4.783447265625"
"0","7","4","4","12","30","5.633056640625"
"0","5","3","24","16","27","1.784423828125"
"0","3","2","11","36","27","2.30078125"
"1","4","4","8","31","31","4.33349609375"
"0","5","4","14","31","33","4.549072265625"
"1","3","3","25","38","38","2.166748046875"
"1","6","6","37","10","10","5.44921875"
"1","7","7","27","12","12","2.81640625"
"0","5","6","12","16","36","3.89892578125"
"1","5","5","9","33","33","3.883544921875"
"0","9","10","24","19","12","6.7998046875"
"1","8","8","17","33","33","3.083984375"
"1","10","10","28","20","20","9.567138671875"
"0","1","2","36","27","13","2.533935546875"
"1","11","11","33","34","34","6.01708984375"
"1","5","5","28","26","26","2.367431640625"
"1","9","9","32","34","34","6.75"
"0","10","11","13","35","30","4.116943359375"
"1","7","7","41","39","39","6.566650390625"
"1","2","2","10","20","20","4.999267578125"
"0","10","9","9","8","37","7.93310546875"
"0","3","2","5","33","40","3.26611328125"
"1","4","4","13","39","39","1.98291015625"
"1","11","11","10","19","19","4.983642578125"
"1","1","1","9","14","14","3.18408203125"
"0","7","6","8","28","40","2.250244140625"
"0","11","10","17","23","32","5.484130859375"
"0","7","5","5","37","32","5.699951171875"
"0","3","2","27","39","16","4.799072265625"
"0","3","4","30","12","19","4.33349609375"
"1","8","8","32","3","3","4.283935546875"
"0","1","2","35","25","12","1.999267578125"
"1","9","9","34","32","32","2.56689453125"
"1","1","1","12","25","25","4.11572265625"
"1","11","11","14","21","21","15.850341796875"
"0","4","3","37","20","21","2.40087890625"
"1","8","8","22","29","29","3.31689453125"
"1","2","2","8","21","21","2.9990234375"
"1","2","2","33","28","28","7.28271484375"
"0","10","11","41","19","12","9.916015625"
"1","1","1","31","32","32","0.916259765625"
"1","9","9","37","4","4","8.34912109375"
"1","5","5","7","29","29","3.61767578125"
"0","6","5","33","3","9","5.1669921875"
"1","7","7","13","19","19","1.599365234375"
"1","11","11","17","23","23","3.55029296875"
"0","6","4","16","25","19","3.450927734375"
"1","6","6","20","32","32","1.549560546875"
"0","7","5","4","24","13","3.532958984375"
"0","2","3","9","26","17","10.51708984375"
"1","5","5","35","4","4","3.516845703125"
"1","5","5","15","10","10","3.68310546875"
"1","11","11","35","21","21","1.716796875"
"1","11","11","19","10","10","3.549560546875"
"0","6","5","31","21","22","9.550048828125"
"1","1","1","4","39","39","1.33447265625"
"1","10","10","39","29","29","5.78369140625"
"0","6","4","6","38","35","6.916259765625"
"1","4","4","12","39","39","3.149169921875"
"0","7","5","22","40","31","2.332275390625"
"1","2","2","23","31","31","1.34912109375"
"1","2","2","39","36","36","1.549072265625"
"0","7","6","4","12","25","9.03271484375"
"0","7","6","14","23","32","0.999267578125"
"0","8","9","22","28","5","2.233154296875"
"1","5","5","25","39","39","1.716552734375"
"0","4","5","31","8","22","1.467529296875"
"1","11","11","12","7","7","1.534423828125"
"0","8","9","24","6","19","3.067138671875"
"1","8","8","27","25","25","1.783447265625"
"0","3","2","24","27","13","1.50048828125"
"1","10","10","32","18","18","5.783203125"
"1","9","9","32","26","26","4.38330078125"
"0","4","3","24","36","27","3.01708984375"
"1","11","11","4","18","18","2.217529296875"
"0","6","4","33","22","37","3.2333984375"
"1","4","4","21","23","23","2.783447265625"
"1","1","1","25","35","35","0.93408203125"
"0","10","6","24","12","39","6.383056640625"
"1","7","7","34","37","37","1.53271484375"
"0","5","6","25","39","16","5.599853515625"
"1","7","7","16","35","35","2.100830078125"
"1","7","7","17","40","40","6.783935546875"
"0","8","7","38","39","4","2.233154296875"
"0","6","4","39","24","13","3.817138671875"
"1","6","6","22","18","18","5.265869140625"
"0","2","1","35","12","25","1.149658203125"
"0","8","6","35","10","18","2.61572265625"
"1","11","11","15","37","37","8.43310546875"
"0","5","6","35","4","18","9.699951171875"
"0","7","5","16","35","12","1.500732421875"
"0","7","6","6","11","13","19.60107421875"
"1","4","4","10","22","22","4.633544921875"
"1","2","2","12","35","35","1.766357421875"
"0","10","11","24","12","25","3.1328125"
"1","2","2","16","27","27","1.116455078125"
"1","4","4","14","33","33","8.4990234375"
"1","6","6","28","37","37","3.4990234375"
"1","4","4","36","24","24","1.632568359375"
"0","6","3","20","29","34","8.1494140625"
"0","4","7","26","5","33","5.61669921875"
"1","1","1","20","7","7","2.083984375"
"0","2","4","27","16","4","3.05029296875"
"0","10","11","27","30","38","4.49951171875"
"1","6","6","4","11","11","8.765869140625"
"1","11","11","3","8","8","3.517578125"
"1","4","4","13","39","39","2.7509765625"
"0","6","5","3","33","40","2.267578125"
"0","3","4","5","3","26","1.401123046875"
"0","10","2","23","4","8","1.4169921875"
"0","2","1","13","24","11","1.21630859375"
"0","10","11","11","25","35","3.066650390625"
"1","5","5","17","5","5","7.10009765625"
"0","8","9","32","10","34","1.78271484375"
"1","9","9","27","35","35","6.5"
"0","1","-1","15","29","0","30"
"1","2","2","14","28","28","16.33262634277344"
"1","1","1","17","26","26","3.266921997070313"
"1","2","2","22","20","20","4.800628662109375"
"1","2","2","5","40","40","3.699905395507813"
"1","2","2","26","9","9","2.116592407226563"
"1","1","1","26","3","3","1.816986083984375"
"1","1","1","11","13","13","3.333419799804688"
"0","2","1","24","13","11","3.8162841796875"
"1","2","2","25","19","19","2.29931640625"
"1","2","2","30","15","15","7.99981689453125"
"1","1","1","38","15","15","3.483489990234375"
"0","2","1","10","20","7","6.416290283203125"
"1","1","1","41","24","24","5.6326904296875"
"1","1","1","41","24","24","2.549972534179688"
"0","2","1","14","28","5","3.383270263671875"
"1","2","2","30","15","15","4.500137329101563"
"1","1","1","13","27","27","3.03338623046875"
"1","2","2","31","23","23","4.316513061523438"
"1","1","1","41","24","24","8.265655517578125"
"1","2","2","33","28","28","2.783416748046875"
"1","2","2","8","21","21","3.13311767578125"
"1","2","2","29","18","18","3.116790771484375"
"0","2","2","23","8","31","6.799591064453125"
"1","1","1","24","41","41","4.066162109375"
"1","1","1","13","11","11","2.216156005859375"
"1","2","2","23","8","8","6.816131591796875"
"1","2","2","29","18","18","4.217010498046875"
"1","1","1","19","6","6","2.8338623046875"
"1","2","2","4","34","34","1.900482177734375"
"1","1","1","10","34","34","1.833465576171875"
"1","2","2","27","11","11","1.56610107421875"
"1","2","2","15","4","4","2.116241455078125"
"1","1","1","38","15","15","2.816741943359375"
"1","2","2","4","34","34","2.849945068359375"
"1","2","2","35","12","12","3.14996337890625"
"1","2","2","30","15","15","4.65045166015625"
"1","1","1","18","34","34","5.1168212890625"
"1","1","1","28","5","5","3.8673095703125"
"0","2","1","40","5","28","2.982452392578125"
"1","1","1","31","33","33","4.000152587890625"
"1","1","1","39","4","4","4.58428955078125"
"1","1","1","11","13","13","3.666748046875"
"1","1","1","16","36","36","1.51641845703125"
"1","1","1","4","29","29","1.24951171875"
"1","2","2","40","5","5","2.566436767578125"
"1","2","2","6","12","12","3.300018310546875"
"1","1","1","41","24","24","15.18276977539062"
"1","1","1","8","37","37","2.3001708984375"
"1","1","1","40","28","28","1.400115966796875"
"1","1","1","11","24","24","1.2833251953125"
"1","1","1","18","4","4","1.049835205078125"
"1","1","1","37","23","23","1.766998291015625"
"1","1","1","41","24","24","1.316162109375"
"1","2","2","41","11","11","0.9495849609375"
"1","1","1","6","4","4","1.332763671875"
"1","1","1","31","32","32","1.967498779296875"
"1","1","1","4","39","39","1.01708984375"
"1","2","2","11","27","27","2.050537109375"
"1","2","2","11","41","41","2.96649169921875"
"1","2","2","13","36","36","1.88330078125"
"1","2","2","33","32","32","1.23394775390625"
"1","2","2","28","14","14","1.60003662109375"
"1","2","2","40","31","31","1.64959716796875"
"1","2","2","17","3","3","2.2169189453125"
"1","1","1","24","11","11","1.38299560546875"
"1","2","2","24","13","13","1.0172119140625"
"1","2","2","4","34","34","1.58404541015625"
"1","2","2","18","10","10","1.3172607421875"
"1","2","2","8","21","21","1.5001220703125"
"1","2","2","32","33","33","0.8836669921875"
"1","2","2","31","23","23","2.4830322265625"
"1","1","1","41","24","24","1.53253173828125"
"1","1","1","29","4","4","2.41705322265625"
"1","1","1","25","12","12","1.93255615234375"
"1","2","2","35","38","38","1.89996337890625"
"0","2","1","4","15","29","6.38262939453125"
"1","3","3","19","39","39","6.9664306640625"
"1","4","4","33","37","37","3.35009765625"
"0","2","3","4","19","12","3.5169677734375"
"0","4","3","24","36","27","10.83343505859375"
"1","3","3","18","15","15","5.38311767578125"
"1","1","1","14","9","9","2.94976806640625"
"0","3","2","20","34","10","4.7498779296875"
"1","4","4","15","25","25","10.76666259765625"
"1","1","1","9","3","3","2.76605224609375"
"1","4","4","14","17","17","2.066650390625"
"1","3","3","26","14","14","4.51617431640625"
"0","3","4","12","4","39","7.8162841796875"
"1","2","2","4","15","15","4.7164306640625"
"1","4","4","4","25","25","3.06646728515625"
"1","3","3","11","36","36","9.6331787109375"
"1","1","1","41","24","24","1.43365478515625"
"1","2","2","5","40","40","5.83282470703125"
"1","1","1","9","14","14","1.4835205078125"
"0","4","5","22","32","31","6.70013427734375"
"0","2","3","12","6","4","18.11602783203125"
"0","2","3","22","37","23","8.45013427734375"
"1","1","1","18","4","4","1.6494140625"
"0","4","2","16","11","27","3.39959716796875"
"1","4","4","22","10","10","10.08306884765625"
"1","2","2","7","34","34","6.61627197265625"
"1","1","1","30","38","38","1.53338623046875"
"1","3","3","18","7","7","2.9503173828125"
"1","2","2","4","34","34","2.50067138671875"
"1","2","2","30","15","15","3.967041015625"
"1","4","4","38","18","18","1.43243408203125"
"1","3","3","28","9","9","4.41668701171875"
"1","2","2","37","32","32","5.28363037109375"
"0","4","2","24","36","13","1.73419189453125"
"1","4","4","13","39","39","3.21734619140625"
"1","3","3","31","37","37","5.88330078125"
"1","1","1","25","12","12","2.60003662109375"
"1","1","1","21","20","20","1.18341064453125"
"1","3","3","24","27","27","5.23309326171875"
"1","3","3","27","39","39","7.9656982421875"
"1","2","2","11","27","27","1.96636962890625"
"1","3","3","41","13","13","3.2000732421875"
"1","1","1","16","39","39","2.316162109375"
"1","4","4","32","22","22","8.300537109375"
"1","4","4","16","11","11","4.9156494140625"
"1","3","3","15","35","35","7.04974365234375"
"1","2","2","5","40","40","4.05047607421875"
"0","1","-1","21","20","39","1080.473999023438"
"1","4","4","10","22","22","6.81640625"
"0","6","-1","12","36","0","30"
"0","6","-1","11","4","38","17.016357421875"
"0","1","-1","32","31","0","30"
"0","7","6","17","40","28","17.4495849609375"
"1","3","3","18","7","7","5.216552734375"
"0","6","4","38","6","12","21.94970703125"
"0","2","6","20","10","29","1.2835693359375"
"0","5","3","6","30","25","12.716796875"
"1","3","3","4","12","12","2.716796875"
"1","7","7","13","19","19","3.73388671875"
"1","1","1","35","25","25","5.166259765625"
"1","6","6","33","22","22","11.3829345703125"
"1","5","5","16","12","12","9.0992431640625"
"1","2","2","23","31","31","2.7659912109375"
"0","4","3","4","27","36","7.9163818359375"
"1","4","4","17","14","14","7.3997802734375"
"1","7","7","18","25","25","12.566162109375"
"1","1","1","26","3","3","2.116943359375"
"1","5","5","34","22","22","2.74951171875"
"0","4","3","4","30","38","28.465576171875"
"0","4","-1","4","30","0","30"
"1","1","1","4","29","29","1.98388671875"
"0","6","4","4","11","27","8.51708984375"
"0","6","4","41","16","27","24.55029296875"
"1","5","5","29","7","7","8.050048828125"
"1","4","4","3","28","28","5.965576171875"
"1","5","5","15","12","12","13.4324951171875"
"1","4","4","19","16","16","5.7830810546875"
"1","4","4","30","19","19","5.3665771484375"
"1","6","6","7","15","15","17.0498046875"
"0","4","-1","18","20","0","30"
"1","2","2","31","40","40","12.4833984375"
"1","6","6","22","18","18","8.2996826171875"
"1","5","5","34","38","38","4.9500732421875"
"1","6","6","34","8","8","10.3333740234375"
"1","7","7","25","18","18","8.6656494140625"
"1","2","2","21","8","8","1.6007080078125"
"1","3","3","7","18","18","3.6827392578125"
"1","1","1","26","3","3","2.948974609375"
"0","6","1","37","28","23","2.7503662109375"
"1","3","3","39","19","19","3.5166015625"
"1","1","1","36","27","27","1.2996826171875"
"0","6","5","30","4","6","9.533935546875"
"1","7","7","41","39","39","14.8331298828125"
"1","5","5","25","29","29","5.3839111328125"
"1","3","3","4","10","10","3.9835205078125"
"1","1","1","28","40","40","3.116943359375"
"1","4","4","32","22","22","5.4658203125"
"1","7","7","7","32","32","4.16650390625"
"1","5","5","24","16","16","7.250244140625"
"0","6","4","15","7","34","5.39990234375"
"0","7","6","11","6","4","12.8326416015625"
"1","2","2","41","11","11","3.182861328125"
"1","7","7","27","12","12","4.134033203125"
"1","6","6","37","10","10","8.6168212890625"
"1","2","2","12","6","6","3.033203125"
"1","2","2","11","27","27","1.8995361328125"
"1","7","7","16","35","35","9.8663330078125"
"1","7","7","26","33","33","14.4488525390625"
"1","7","7","10","30","30","11.4166259765625"
"1","5","5","17","5","5","10.3671875"
"1","1","1","37","8","8","2.4173583984375"
"1","7","7","13","19","19","3.150390625"
"0","1","2","3","26","17","1.45068359375"
"1","7","7","32","7","7","9.132568359375"
"1","7","7","27","12","12","3.349853515625"
"1","3","3","36","4","4","3.4503173828125"
"1","6","6","17","28","28","12.1995849609375"
"0","7","5","34","37","22","5.6002197265625"
"1","2","2","25","19","19","4.199462890625"
"1","3","3","31","28","28","9.89990234375"
"1","4","4","37","20","20","7.750732421875"
"1","3","3","7","22","22","3.817138671875"
"1","4","4","12","38","38","4.3828125"
"0","8","-1","9","23","0","30"
"1","4","4","20","18","18","13.7490234375"
"0","3","2","28","31","33","2.916259765625"
"0","8","7","19","11","13","26.44873046875"
"0","1","2","12","25","35","11.05029296875"
"1","5","5","4","13","13","2.849609375"
"1","5","5","26","28","28","6.982666015625"
"1","3","3","11","36","36","3.60009765625"
"1","3","3","13","16","16","1.8828125"
"1","9","9","8","29","29","13.749755859375"
"1","7","7","19","29","29","5.732177734375"
"1","3","3","13","41","41","4.98291015625"
"1","4","4","16","19","19","12.74951171875"
"1","5","5","11","39","39","4.866943359375"
"1","4","4","37","20","20","5.300048828125"
"1","8","8","34","23","23","22.649169921875"
"1","4","4","22","10","10","3.93310546875"
"1","4","4","34","15","15","10.199951171875"
"0","7","5","12","4","15","7.6171875"
"1","1","1","21","22","22","6.3662109375"
"1","1","1","35","30","30","3.099853515625"
"1","9","9","12","11","11","16.033203125"
"1","6","6","7","15","15","10.100341796875"
"1","3","3","12","30","30","2.232421875"
"1","7","7","37","34","34","10.69970703125"
"1","2","2","38","29","29","1.717041015625"
"1","7","7","22","4","4","10.3662109375"
"1","6","6","13","6","6","5.516357421875"
"1","4","4","7","4","4","8.0341796875"
"1","7","7","28","8","8","6.25"
"1","2","2","26","9","9","12.88317108154297"
"1","1","1","12","19","19","5.248939514160156"
"1","1","1","16","36","36","1.316169738769531"
"1","1","1","19","6","6","2.599655151367188"
"0","1","2","7","20","21","2.083160400390625"
"1","2","2","9","5","5","1.483734130859375"
"0","2","1","17","3","26","1.249053955078125"
"1","2","2","37","32","32","1.09991455078125"
"1","1","1","23","32","32","1.7674560546875"
"1","2","2","37","32","32","1.266616821289062"
"1","1","1","13","27","27","1.182861328125"
"1","2","2","31","23","23","1.582855224609375"
"0","2","1","18","29","4","4.766983032226563"
"1","1","1","25","35","35","3.75067138671875"
"1","2","2","7","21","21","3.599624633789063"
"1","2","2","39","6","6","1.549407958984375"
"1","1","1","38","15","15","1.450042724609375"
"1","1","1","31","32","32","5.266494750976563"
"1","1","1","13","11","11","3.6341552734375"
"1","2","2","35","12","12","3.0003662109375"
"1","1","1","17","26","26","6.33319091796875"
"1","2","2","28","33","33","4.1993408203125"
"1","1","1","40","33","33","1.18414306640625"
"1","2","2","39","36","36","7.733551025390625"
"1","1","1","6","4","4","1.232833862304688"
"1","2","2","13","36","36","1.200057983398438"
"1","1","1","19","12","12","3.666290283203125"
"1","2","2","16","27","27","1.3997802734375"
"1","1","1","37","8","8","3.216522216796875"
"1","2","2","29","18","18","1.1497802734375"
"1","2","2","26","9","9","1.316497802734375"
"1","1","1","29","15","15","1.24920654296875"
"1","2","2","37","32","32","1.0164794921875"
"1","1","1","21","20","20","1.59954833984375"
"1","2","2","38","35","35","1.749786376953125"
"1","2","2","15","4","4","2.333587646484375"
"1","2","2","37","22","22","1.36663818359375"
"1","2","2","4","34","34","1.3831787109375"
"1","1","1","15","38","38","1.366058349609375"
"1","2","2","41","11","11","0.850341796875"
"1","2","2","12","6","6","0.917083740234375"
"1","2","2","19","4","4","0.816009521484375"
"1","2","2","30","15","15","0.915863037109375"
"1","1","1","19","6","6","0.86724853515625"
"1","1","1","26","3","3","1.33319091796875"
"1","2","2","35","38","38","1.08294677734375"
"1","1","1","24","11","11","0.816070556640625"
"1","1","1","29","15","15","1.116668701171875"
"1","2","2","32","37","37","0.950897216796875"
"1","2","2","36","13","13","1.916412353515625"
"1","2","2","35","38","38","1.38275146484375"
"1","2","2","7","21","21","0.75018310546875"
"1","2","2","9","5","5","1.0338134765625"
"1","2","2","5","40","40","0.850128173828125"
"1","2","2","17","3","3","1.349700927734375"
"1","1","1","32","23","23","1.949951171875"
"1","1","1","26","3","3","0.900543212890625"
"1","2","2","34","4","4","1.26666259765625"
"1","2","2","34","4","4","1.117340087890625"
"1","2","2","21","7","7","0.76702880859375"
"0","1","2","21","22","8","1.083160400390625"
"0","2","1","29","18","4","2.6492919921875"
"1","2","2","22","20","20","1.0498046875"
"1","1","1","30","35","35","2.416412353515625"
"1","2","2","18","10","10","1.432373046875"
"1","2","2","39","6","6","1.0343017578125"
"1","2","2","6","12","12","0.8504638671875"
"1","1","1","3","26","26","1.499542236328125"
"1","2","2","26","9","9","0.849334716796875"
"1","1","1","8","37","37","1.367340087890625"
"1","2","2","32","33","33","1.883270263671875"
"1","2","2","5","9","9","1.13427734375"
"1","2","2","18","10","10","1.099395751953125"
"1","1","1","36","16","16","1.516265869140625"
"1","2","2","18","10","10","1.966583251953125"
"1","1","1","3","26","26","1.50030517578125"
"1","4","4","30","19","19","2.43408203125"
"1","1","1","28","40","40","2.083343505859375"
"1","1","1","37","23","23","2.484130859375"
"1","2","2","12","35","35","3.5003662109375"
"1","4","4","33","14","14","3.48291015625"
"1","1","1","4","6","6","2.1328125"
"0","4","2","15","25","30","1.8995361328125"
"1","4","4","27","4","4","5.34906005859375"
"1","3","3","28","31","31","3.58349609375"
"1","4","4","26","5","5","2.500732421875"
"1","2","2","12","35","35","3.0157470703125"
"0","3","1","41","13","24","8.6658935546875"
"1","1","1","12","25","25","10.6324462890625"
"1","3","3","4","36","36","1.5008544921875"
"1","3","3","34","29","29","1.2332763671875"
"1","4","4","31","5","5","5.0673828125"
"1","2","2","23","31","31","2.46685791015625"
"0","3","4","3","5","28","1.650634765625"
"1","2","2","40","5","5","2.89984130859375"
"1","2","2","30","25","25","5.3494873046875"
"1","1","1","29","15","15","5.6827392578125"
"0","4","3","36","24","11","1.53338623046875"
"1","4","4","9","40","40","3.66650390625"
"1","1","1","15","38","38","5.70074462890625"
"0","2","4","17","3","14","2.58416748046875"
"0","3","4","3","5","28","1.39971923828125"
"1","4","4","38","18","18","1.6173095703125"
"1","3","3","7","18","18","3.68402099609375"
"0","3","4","11","36","16","2.31689453125"
"0","4","3","17","14","9","1.30096435546875"
"1","1","1","11","13","13","1.18316650390625"
"1","1","1","15","38","38","0.649658203125"
"0","4","3","8","31","32","2.53277587890625"
"0","2","3","40","31","32","1.19915771484375"
"1","4","4","33","14","14","2.98236083984375"
"0","2","1","12","35","25","2.46636962890625"
"0","4","3","27","4","39","2.94927978515625"
"0","4","3","40","23","32","1.2337646484375"
"1","4","4","6","36","36","4.98223876953125"
"1","4","4","33","14","14","3.11669921875"
"1","3","3","29","34","34","2.46728515625"
"1","3","3","5","33","33","2.9163818359375"
"0","2","1","19","4","6","2.36993408203125"
"0","4","3","16","11","13","1.76678466796875"
"1","1","1","30","35","35","2.1341552734375"
"1","4","4","28","32","32","4.2503662109375"
"1","3","3","26","14","14","3.48236083984375"
"1","2","2","9","26","26","2.48333740234375"
"1","2","2","31","40","40","2.683837890625"
"1","2","2","24","13","13","5.08404541015625"
"1","1","1","29","4","4","2.29962158203125"
"1","4","4","18","20","20","3.55010986328125"
"0","4","3","34","15","29","2.83270263671875"
"1","1","1","40","28","28","1.3658447265625"
"1","1","1","15","29","29","1.06671142578125"
"1","2","2","17","3","3","1.9835205078125"
"0","3","1","31","28","33","1.1341552734375"
"1","4","4","5","26","26","1.782958984375"
"1","4","4","12","38","38","1.81634521484375"
"0","4","3","20","18","34","1.18328857421875"
"1","2","2","25","30","30","1.44976806640625"
"1","1","1","8","37","37","1.04986572265625"
"1","2","2","35","38","38","2.16729736328125"
"0","2","1","29","38","15","2.5499267578125"
"1","3","3","20","34","34","1.3338623046875"
"0","3","4","21","37","23","3.23388671875"
"1","4","4","10","22","22","0.93353271484375"
"1","1","1","18","34","34","1.46612548828125"
"0","2","3","20","10","34","1.7158203125"
"1","1","1","4","18","18","1.06634521484375"
"1","1","1","23","37","37","1.09942626953125"
"1","1","1","35","25","25","0.783447265625"
"1","3","3","29","34","34","1.4163818359375"
"1","1","1","24","41","41","0.9329833984375"
"1","4","4","9","40","40","1.03363037109375"
"0","4","5","4","25","35","1.26629638671875"
"1","1","1","8","22","22","2.083740234375"
"1","4","4","21","23","23","1.43341064453125"
"1","3","3","14","26","26","3.067138671875"
"0","4","2","41","27","11","2.15008544921875"
"1","4","4","19","30","30","1.41729736328125"
"0","4","3","29","10","34","1.96649169921875"
"1","4","4","30","19","19","1.66754150390625"
"0","4","3","3","28","5","1.1834716796875"
"1","1","1","27","13","13","0.89959716796875"
"0","3","1","10","4","34","0.88250732421875"
"0","4","3","19","16","39","1.66668701171875"
"1","4","4","18","20","20","1.4005126953125"
"0","3","4","16","13","11","1.16619873046875"
"1","2","2","36","39","39","1.38299560546875"
"1","3","3","27","39","39","1.31591796875"
"1","4","4","27","4","4","0.95013427734375"
"0","4","5","5","31","32","1.3502197265625"
"1","3","3","9","17","17","2.182861328125"
"1","1","1","40","28","28","1.93310546875"
"0","3","5","5","33","32","2.3006591796875"
"1","1","1","34","10","10","1.30029296875"
"1","4","4","10","29","29","1.799560546875"
"0","2","4","27","11","41","2.41650390625"
"0","7","6","20","15","29","4.532470703125"
"0","6","5","16","41","24","5.216552734375"
"1","4","4","35","29","29","4.332763671875"
"1","6","6","32","20","20","4.9498291015625"
"1","7","7","7","38","38","5.6666259765625"
"0","6","5","33","22","8","5.2672119140625"
"0","2","1","7","34","10","3.0494384765625"
"1","2","2","11","41","41","1.0997314453125"
"1","1","1","30","35","35","1.2835693359375"
"1","4","4","26","5","5","1.43359375"
"1","4","4","18","20","20","9.2833251953125"
"1","4","4","17","14","14","1.15087890625"
"0","7","5","37","34","7","1.8172607421875"
"0","1","2","29","4","18","1.4830322265625"
"1","4","4","38","18","18","4.016845703125"
"1","6","6","3","33","33","3.0335693359375"
"0","4","3","17","14","9","3.750244140625"
"0","3","4","20","34","18","2.2161865234375"
"1","3","3","9","17","17","1.8157958984375"
"1","4","4","17","14","14","8.5660400390625"
"1","3","3","25","6","6","3.2164306640625"
"1","1","1","25","35","35","3.5006103515625"
"1","3","3","31","28","28","9.0003662109375"
"0","3","4","30","12","19","4.4337158203125"
"1","3","3","12","4","4","9.0655517578125"
"1","7","7","21","33","33","4.583984375"
"1","3","3","15","18","18","12.966552734375"
"1","4","4","4","7","7","5.2000732421875"
"1","2","2","25","30","30","6.0992431640625"
"1","5","5","27","6","6","4.5498046875"
"1","5","5","11","39","39","8.6839599609375"
"0","6","5","35","18","4","7.0489501953125"
"1","3","3","11","36","36","4.050048828125"
"1","3","3","17","9","9","6.5828857421875"
"1","6","6","24","39","39","5.4327392578125"
"1","1","1","31","32","32","2.6666259765625"
"1","4","4","9","40","40","5.0657958984375"
"1","5","5","17","5","5","1.5159912109375"
"1","7","7","32","9","9","3.484130859375"
"1","4","4","3","28","28","3.39990234375"
"1","2","2","35","12","12","3.31640625"
"1","2","2","29","38","38","2.466796875"
"1","1","1","11","24","24","1.833251953125"
"1","1","1","16","39","39","1.217529296875"
"0","7","6","3","31","33","2.2506103515625"
"0","6","7","15","7","20","2.150634765625"
"0","5","4","5","32","31","2.799560546875"
"0","1","2","25","35","30","1.3009033203125"
"0","6","5","5","23","32","1.216064453125"
"0","5","7","26","28","33","1.7335205078125"
"1","5","5","22","31","31","6.350341796875"
"1","1","1","17","26","26","1.715576171875"
"1","1","1","18","4","4","1.9669189453125"
"1","3","3","29","30","30","1.650390625"
"1","3","3","12","30","30","2.250732421875"
"0","5","4","11","39","16","3.1507568359375"
"1","1","1","40","28","28","1.316650390625"
"0","7","5","16","35","12","2.20068359375"
"0","4","5","3","28","40","1.68408203125"
"0","5","4","37","7","20","2.149658203125"
"1","6","6","34","30","30","6.6160888671875"
"1","1","1","22","8","8","1.7159423828125"
"1","4","4","15","25","25","3.2156982421875"
"1","4","4","3","28","28","4.2001953125"
"0","6","5","28","37","23","1.9840087890625"
"1","6","6","41","16","16","2.3172607421875"
"0","3","2","39","19","6","1.6002197265625"
"0","4","5","9","40","33","2.900390625"
"1","6","6","39","35","35","2.916259765625"
"1","7","7","14","23","23","3.583251953125"
"0","4","3","29","10","34","1.8323974609375"
"1","4","4","4","7","7","3.3330078125"
"0","3","2","13","16","36","1.448974609375"
"0","6","5","35","18","4","1.966796875"
"1","5","5","19","38","38","3.1505126953125"
"1","7","7","28","8","8","8.8492431640625"
"1","7","7","15","6","6","4.2327880859375"
"1","4","4","38","18","18","1.5670166015625"
"0","7","6","8","28","40","3.3004150390625"
"1","1","1","20","21","21","1.5335693359375"
"0","5","4","22","34","10","1.716064453125"
"0","6","4","11","4","16","1.5333251953125"
"1","7","7","40","17","17","1.816162109375"
"0","4","3","13","39","16","1.6832275390625"
"1","1","1","3","26","26","1.3499755859375"
"1","1","1","13","11","11","2.166015625"
"1","4","4","15","34","34","2.05810546875"
"0","2","3","21","8","37","2.9501953125"
"1","7","7","38","7","7","2.200927734375"
"1","1","1","39","16","16","1.2166748046875"
"1","2","2","41","11","11","1.1331787109375"
"1","2","2","25","30","30","1.166259765625"
"0","2","1","6","39","4","1.0496826171875"
"1","1","1","17","26","26","0.66650390625"
"0","5","4","26","28","5","1.38427734375"
"1","6","6","10","37","37","3.400634765625"
"1","7","7","11","6","6","3.9169921875"
"1","5","5","28","23","23","4.8341064453125"
"1","7","7","16","35","35","3.30029296875"
"0","5","3","6","30","25","9.400146484375"
"0","7","6","10","23","37","1.183349609375"
"1","2","2","17","3","3","0.900146484375"
"1","3","3","18","15","15","1.5"
"0","4","3","38","12","25","1.9329833984375"
"1","6","6","11","4","4","2.14990234375"
"1","4","4","6","35","35","3.3665771484375"
"1","5","5","29","7","7","2.616943359375"
"0","7","6","37","34","10","1.9495849609375"
"0","7","6","12","27","36","2.6170654296875"
"1","2","2","35","38","38","2.3837890625"
"1","1","1","12","19","19","1.2672119140625"
"1","1","1","31","32","32","1.400146484375"
"1","2","2","4","34","34","1.2830810546875"
"0","2","1","29","18","4","1.7327880859375"
"1","2","2","3","17","17","1.1168212890625"
"1","6","6","30","34","34","2.50048828125"
"1","6","6","3","33","33","1.4510498046875"
"0","3","4","22","7","10","1.10107421875"
"0","4","5","32","22","21","7.1829833984375"
"0","4","7","39","13","41","11.8155517578125"
"1","1","1","3","26","26","1.7332763671875"
"0","3","1","10","4","34","2.2161865234375"
"0","9","7","20","30","15","1.55078125"
"0","5","6","28","26","17","1.1837158203125"
"1","2","2","4","19","19","1.6668701171875"
"0","9","8","41","6","4","1.94970703125"
"1","3","3","11","36","36","5.8001708984375"
"0","4","7","21","34","29","7.515625"
"0","4","7","41","27","39","5.583740234375"
"1","2","2","14","28","28","5.0997314453125"
"0","8","7","7","30","38","5.7164306640625"
"1","9","9","3","23","23","3.2005615234375"
"1","2","2","17","3","3","2.467529296875"
"1","5","5","30","6","6","5.416748046875"
"1","3","3","35","15","15","2.7496337890625"
"1","2","2","5","40","40","2.51611328125"
"1","1","1","10","7","7","2.28271484375"
"0","9","6","22","15","18","5.249267578125"
"0","9","8","11","12","19","9.232421875"
"1","2","2","30","15","15","2.2158203125"
"1","9","9","10","25","25","3.783447265625"
"1","1","1","3","9","9","2.599365234375"
"0","9","11","7","35","12","5.133056640625"
"0","9","-1","31","17","31","6.6328125"
"0","7","8","34","35","25","4.633056640625"
"1","4","4","10","29","29","2.54931640625"
"1","3","3","38","4","4","2.61669921875"
"0","4","5","23","40","28","4.783203125"
"0","3","4","17","9","14","8.533203125"
"1","2","2","17","3","3","1.583740234375"
"0","9","6","10","25","38","7.384033203125"
"1","2","2","12","6","6","1.583984375"
"1","3","3","30","29","29","3.366943359375"
"1","8","8","28","22","22","5.433349609375"
"1","8","8","24","6","6","4.699951171875"
"1","5","5","7","37","37","5.883544921875"
"1","8","8","16","30","30","6.06640625"
"1","6","6","6","38","38","3.216796875"
"1","7","7","4","24","24","4.100830078125"
"1","7","7","28","8","8","7.10009765625"
"0","5","8","25","39","27","5.8505859375"
"1","3","3","38","25","25","6.69970703125"
"1","6","6","14","32","32","2.9326171875"
"1","3","3","37","21","21","3.13330078125"
"1","4","4","21","23","23","2.216552734375"
"1","6","6","31","21","21","3.88232421875"
"1","7","7","37","34","34","2.983154296875"
"1","8","8","13","12","12","4.93408203125"
"0","3","5","8","20","10","4.3828125"
"1","4","4","18","38","38","2.416259765625"
"1","5","5","18","21","21","2.550537109375"
"1","8","8","27","25","25","4.76708984375"
"1","6","6","34","8","8","4.233154296875"
"1","5","5","35","4","4","3.999267578125"
"1","7","7","10","30","30","3.7333984375"
"1","2","2","9","26","26","5.216552734375"
"1","7","7","37","34","34","3.61669921875"
"1","8","8","33","20","20","4.18359375"
"1","8","8","20","33","33","1.384033203125"
"1","3","3","10","4","4","4.150146484375"
"1","7","7","13","19","19","3.7001953125"
"1","9","9","17","31","31","5.316650390625"
"1","1","1","36","27","27","2.333984375"
"1","1","1","3","26","26","2.100830078125"
"1","4","4","19","30","30","3.367431640625"
"1","8","8","9","23","23","4.98291015625"
"1","6","6","25","4","4","4.566650390625"
"1","7","7","3","31","31","4.666748046875"
"1","3","3","23","33","33","6.633056640625"
"1","2","2","4","19","19","2.416259765625"
"1","4","4","40","9","9","2.98291015625"
"1","5","5","39","25","25","5.8662109375"
"1","6","6","17","28","28","5.1162109375"
"1","6","6","31","9","9","7.01611328125"
"1","8","8","13","12","12","5.483154296875"
"1","5","5","14","31","31","5.999755859375"
"1","9","9","3","23","23","8.683349609375"
"1","9","9","22","15","15","3.634033203125"
"1","5","5","29","25","25","2.650634765625"
"1","5","5","7","37","37","6.050048828125"
"1","3","3","25","6","6","5.883056640625"
"1","1","1","16","39","39","2.049560546875"
"1","4","4","14","33","33","2.6328125"
"1","7","7","37","34","34","4.06689453125"
"1","4","4","28","32","32","3.4833984375"
"1","5","5","28","26","26","6"
"1","6","6","34","8","8","3.833984375"
"1","8","8","35","36","36","4.2001953125"
"1","4","4","36","24","24","4.31640625"
"1","8","8","6","24","24","4.8173828125"
"1","8","8","21","15","15","3.866943359375"
